Species,Common Name,Category,Type of Presence,Comments,Location(s),Kingdom,Phylum,Class,Order,Family,EPBC Act Threatened Fauna in Australia (Generated 2022-10-09 16:01:48)
Acanthiza iredalei rosinae,Slender-billed Thornbill (Gulf St Vincent),Vulnerable,Present,,SA,Animalia,Chordata,Aves,Passeriformes,Pardalotidae,
Acanthiza lineata whitei,Kangaroo Island Striated Thornbill,Vulnerable,Endemic,,SA,Animalia,Chordata,Aves,Passeriformes,Acanthizidae,
Acanthiza pusilla archibaldi,"King Island Brown Thornbill, Brown Thornbill (King Island)",Endangered,Endemic,,TAS,Animalia,Chordata,Aves,Passeriformes,Acanthizidae,
Acanthophis hawkei,Plains Death Adder,Vulnerable,Present,,"NT, QLD, WA",Animalia,Chordata,Reptilia,Squamata,Elapidae,
Acanthornis magna greeniana,"King Island Scrubtit, Scrubtit (King Island)",Critically Endangered,Endemic,,TAS,Animalia,Chordata,Aves,Passeriformes,Acanthizidae,
Accipiter hiogaster natalis,Christmas Island Goshawk,Endangered,Endemic,Christmas Island,"AET, CI",Animalia,Chordata,Aves,Falconiformes,Accipitridae,
Adclarkia cameroni,Brigalow Woodland Snail,Endangered,Present,,QLD,Animalia,Mollusca,Gastropoda,Pulmonata,Camaenidae,
Adclarkia dawsonensis,"Boggomoss Snail, Dawson River Snail, Dawson Valley Snail",Critically Endangered,Endemic,,QLD,Animalia,Mollusca,Gastropoda,Pulmonata,Camaenidae,
Adclarkia dulacca,Dulacca Woodland Snail,Endangered,Present,,QLD,Animalia,Mollusca,Gastropoda,Pulmonata,Camaenidae,
Advena campbellii,Campbell's Keeled Glass-snail,Critically Endangered,Present,,"AET, NI",Animalia,Mollusca,Gastropoda,Pulmonata,Helicarionidae,
Aipysurus apraefrontalis,Short-nosed Seasnake,Critically Endangered,Present,,"ACR, OCE, WA",Animalia,Chordata,Reptilia,Squamata,Hydrophiidae,
Aipysurus foliosquama,Leaf-scaled Seasnake,Critically Endangered,Present,,"ACR, OCE, WA",Animalia,Chordata,Reptilia,Squamata,Hydrophiidae,
Amytornis barbatus barbatus,"Bulloo Grey Grasswren, Grey Grasswren (Bulloo)",Endangered,Present,,"NSW, QLD, SA",Animalia,Chordata,Aves,Passeriformes,Maluridae,
Amytornis dorotheae,Carpentarian Grasswren,Endangered,Present,,"NT, QLD",Animalia,Chordata,Aves,Passeriformes,Maluridae,
Amytornis merrotsyi merrotsyi,Short-tailed Grasswren (Flinders Ranges),Vulnerable,Present,,SA,Animalia,Chordata,Aves,Passeriformes,Maluridae,
Amytornis merrotsyi pedleri,"Gawler Ranges Short-tailed Grasswren, Short-tailed Grasswren (Gawler Ranges)",Endangered,Present,,SA,Animalia,Chordata,Aves,Passeriformes,Maluridae,
Amytornis modestus,Thick-billed Grasswren,Vulnerable,Present,,"NSW, NT, SA",Animalia,Chordata,Aves,Passeriformes,Maluridae,
Amytornis modestus obscurior,"Grey Range Thick-billed Grasswren, Thick-billed Grasswren (north-west NSW)",Critically Endangered,Present,,NSW,Animalia,Chordata,Aves,Passeriformes,Maluridae,
Amytornis textilis myall,Western Grasswren (Gawler Ranges),Vulnerable,Endemic,,SA,Animalia,Chordata,Aves,Passeriformes,Maluridae,
Amytornis woodwardi,"White-throated Grasswren, Yirlinkirrkirr",Vulnerable,Present,,NT,Animalia,Chordata,Aves,Passeriformes,Maluridae,
Anomalopus mackayi,"Five-clawed Worm-skink, Long-legged Worm-skink",Vulnerable,Present,,"NSW, QLD",Animalia,Chordata,Reptilia,Squamata,Scincidae,
Anous tenuirostris melanops,Australian Lesser Noddy,Vulnerable,Present,,"ACR, OCE, WA",Animalia,Chordata,Aves,Charadriiformes,Laridae,
Antechinus argentus,Silver-headed Antechinus,Endangered,Present,,QLD,Animalia,Chordata,Mammalia,Polyprotodonta,Dasyuridae,
Antechinus arktos,Black-tailed Antechinus,Endangered,Present,,"NSW, QLD",Animalia,Chordata,Mammalia,Polyprotodonta,Dasyuridae,
Antechinus bellus,Fawn Antechinus,Vulnerable,Present,,NT,Animalia,Chordata,Mammalia,Polyprotodonta,Dasyuridae,
Antechinus minimus maritimus,Swamp Antechinus (mainland),Vulnerable,Present,,"SA, VIC",Animalia,Chordata,Mammalia,Polyprotodonta,Dasyuridae,
Anthochaera chrysoptera halmaturina,Kangaroo Island Little Wattlebird,Vulnerable,Endemic,,SA,Animalia,Chordata,Aves,Passeriformes,Meliphagidae,
Anthochaera phrygia,Regent Honeyeater,Critically Endangered,Present,,"ACT, NSW, QLD, SA, TER, VIC",Animalia,Chordata,Aves,Passeriformes,Meliphagidae,
Antipodia chaostola leucophaea,"Tasmanian Chaostola Skipper, Heath-sand Skipper",Endangered,Endemic,,TAS,Animalia,Arthropoda,Insecta,Lepidoptera,Hesperiidae,
Aplonis fusca,Tasman Starling,Extinct,Extinct,Norfolk Island,"AET, NSW",Animalia,Chordata,Aves,Passeriformes,Sturnidae,
Aprasia parapulchella,"Pink-tailed Worm-lizard, Pink-tailed Legless Lizard",Vulnerable,Present,,"ACT, NSW, VIC",Animalia,Chordata,Reptilia,Squamata,Pygopodidae,
Aprasia pseudopulchella,Flinders Ranges Worm-lizard,Vulnerable,Endemic,,SA,Animalia,Chordata,Reptilia,Squamata,Pygopodidae,
Aquila audax fleayi,"Tasmanian Wedge-tailed Eagle, Wedge-tailed Eagle (Tasmanian)",Endangered,Endemic,,TAS,Animalia,Chordata,Aves,Falconiformes,Accipitridae,
Arctocephalus tropicalis,Subantarctic Fur-seal,Endangered,Present,,"AET, ANT, HI, OCE, TAS",Animalia,Chordata,Mammalia,Pinnipedia,Otariidae,
Arctocephalus tropicalis,Subantarctic Fur-seal,Endangered,Vagrant,,"SA, VIC, WA",Animalia,Chordata,Mammalia,Pinnipedia,Otariidae,
Argynnis hyperbius inconstans,Australian Fritillary,Critically Endangered,Present,,NSW,Animalia,Arthropoda,Insecta,Lepidoptera,Nymphalidae,
Astacopsis gouldi,"Giant Freshwater Crayfish, Tasmanian Giant Freshwater Lobster",Vulnerable,Endemic,,TAS,Animalia,Arthropoda,Malacostraca,Decapoda,Parastacidae,
Atrichornis clamosus,"Noisy Scrub-bird, Tjimiluk",Endangered,Endemic,,WA,Animalia,Chordata,Aves,Passeriformes,Atrichornithidae,
Atrichornis rufescens,Rufous Scrub-bird,Endangered,Present,,"NSW, QLD",Animalia,Chordata,Aves,Passeriformes,Atrichornithidae,
Austrocordulia leonardi,Sydney Hawk Dragonfly,Endangered,Excluded,,NSW,Animalia,Arthropoda,Insecta,Odonata,Austrocorduliidae,
Balaenoptera borealis,Sei Whale,Vulnerable,Present,,"AET, ANT, CI, CKI, CSI, HI, NSW, OCE, QLD, SA, TAS, VIC, WA",Animalia,Chordata,Mammalia,Cetacea,Balaenopteridae,
Balaenoptera musculus,Blue Whale,Endangered,Present,,"ACR, AET, ANT, CI, CKI, CSI, HI, NI, NSW, NT, OCE, QLD, SA, TAS, VIC, WA",Animalia,Chordata,Mammalia,Cetacea,Balaenopteridae,
Balaenoptera physalus,Fin Whale,Vulnerable,Present,,"AET, ANT, HI, NSW, OCE, QLD, SA, TAS, VIC, WA",Animalia,Chordata,Mammalia,Cetacea,Balaenopteridae,
Bellatorias obiri,Arnhem Land Egernia,Endangered,Endemic,,NT,Animalia,Chordata,Reptilia,Squamata,Scincidae,
Bertmainius colonus,Eastern Stirling Range Pygmy Trapdoor Spider,Vulnerable,Endemic,,WA,Animalia,Arthropoda,Arachnida,Araneae,Migidae,
Bertmainius tingle,Tingle Pygmy Trapdoor Spider,Endangered,Endemic,,WA,Animalia,Arthropoda,Arachnida,Araneae,Migidae,
Bettongia anhydra,Desert Bettong,Extinct,Extinct,,"NT, WA",Animalia,Chordata,Mammalia,Diprotodonta,Potoroidae,
Bettongia gaimardi gaimardi,"Eastern Bettong (mainland), Eastern Rat-kangaroo",Extinct,Extinct,,"NSW, QLD, SA, VIC",Animalia,Chordata,Mammalia,Diprotodonta,Potoroidae,
Bettongia lesueur Barrow and Boodie Islands subspecies,"Boodie, Burrowing Bettong (Barrow and Boodie Islands)",Vulnerable,Endemic,,WA,Animalia,Chordata,Mammalia,Diprotodonta,Potoroidae,
Bettongia lesueur graii,"Boodie (inland), Burrowing Bettong (inland)",Extinct,Extinct,,"NSW, NT, SA, WA",Animalia,Chordata,Mammalia,Diprotodonta,Potoroidae,
Bettongia lesueur lesueur,"Burrowing Bettong (Shark Bay), Boodie",Vulnerable,Present,,WA,Animalia,Chordata,Mammalia,Diprotodonta,Potoroidae,
Bettongia lesueur lesueur,"Burrowing Bettong (Shark Bay), Boodie",Vulnerable,Translocated,,"NSW, SA",Animalia,Chordata,Mammalia,Diprotodonta,Potoroidae,
Bettongia penicillata ogilbyi,Woylie,Endangered,Present,,"SA, WA",Animalia,Chordata,Mammalia,Diprotodonta,Potoroidae,
Bettongia penicillata ogilbyi,Woylie,Endangered,Translocated,,NSW,Animalia,Chordata,Mammalia,Diprotodonta,Potoroidae,
Bettongia penicillata penicillata,"Brush-tailed Bettong (central and south-east), Brush-tailed Bettong (south-east mainland)",Extinct,Extinct,,"NSW, NT, SA, VIC, WA",Animalia,Chordata,Mammalia,Diprotodonta,Potoroidae,
Bettongia pusilla,Nullarbor Dwarf Bettong,Extinct,Extinct,,"SA, WA",Animalia,Chordata,Mammalia,Diprotodonta,Potoroidae,
Bettongia tropica,Northern Bettong,Endangered,Endemic,,QLD,Animalia,Chordata,Mammalia,Diprotodonta,Potoroidae,
Bettongia tropica,Northern Bettong,Endangered,Extinct in state,,NSW,Animalia,Chordata,Mammalia,Diprotodonta,Potoroidae,
Bidyanus bidyanus,"Silver Perch, Bidyan",Critically Endangered,Present,,"ACT, NSW, QLD, SA, VIC",Animalia,Chordata,Actinopterygii,Perciformes,Terapontidae,
Botaurus poiciloptilus,Australasian Bittern,Endangered,Present,,"ACT, NSW, QLD, SA, TAS, VIC, WA",Animalia,Chordata,Aves,Ardeiformes,Ardeidae,
Botaurus poiciloptilus,Australasian Bittern,Endangered,Vagrant,,NT,Animalia,Chordata,Aves,Ardeiformes,Ardeidae,
Brachionichthys hirsutus,Spotted Handfish,Critically Endangered,Endemic,,TAS,Animalia,Chordata,Actinopterygii,Lophiiformes,Brachionichthyidae,
Brachionichthys hirsutus,Spotted Handfish,Critically Endangered,Present,,OCE,Animalia,Chordata,Actinopterygii,Lophiiformes,Brachionichthyidae,
Brachiopsilus ziebelli,"Ziebell's Handfish, Waterfall Bay Handfish",Vulnerable,Endemic,,TAS,Animalia,Chordata,Actinopterygii,Lophiiformes,Brachionichthyidae,
Brachiopsilus ziebelli,"Ziebell's Handfish, Waterfall Bay Handfish",Vulnerable,Present,,OCE,Animalia,Chordata,Actinopterygii,Lophiiformes,Brachionichthyidae,
Burramys parvus,Mountain Pygmy-possum,Endangered,Present,,"NSW, VIC",Animalia,Chordata,Mammalia,Diprotodonta,Burramyidae,
Calamanthus cautus halmaturinus,Shy Heathwren (Kangaroo Island),Vulnerable,Endemic,,SA,Animalia,Chordata,Aves,Passeriformes,Acanthizidae,
Calamanthus pyrrhopygius parkeri,Chestnut-rumped Heathwren (Mt Lofty Ranges),Endangered,Present,,SA,Animalia,Chordata,Aves,Passeriformes,Acanthizidae,
Calidris canutus,"Red Knot, Knot",Endangered,Present,,"NSW, NT, OCE, QLD, SA, TAS, VIC, WA",Animalia,Chordata,Aves,Charadriiformes,Scolopacidae,
Calidris ferruginea,Curlew Sandpiper,Critically Endangered,Present,,"NSW, NT, OCE, QLD, SA, TAS, TER, VIC, WA",Animalia,Chordata,Aves,Charadriiformes,Scolopacidae,
Calidris tenuirostris,Great Knot,Critically Endangered,Present,,"NSW, NT, OCE, QLD, SA, TAS, VIC, WA",Animalia,Chordata,Aves,Charadriiformes,Scolopacidae,
Callocephalon fimbriatum,Gang-gang Cockatoo,Endangered,Present,,NSW,Animalia,Chordata,Aves,Psittaciformes,Cacatuidae,
Caloprymnus campestris,Desert Rat-kangaroo,Extinct,Extinct,,"QLD, SA",Animalia,Chordata,Mammalia,Diprotodonta,Potoroidae,
Calyptorhynchus banksii graptogyne,South-eastern Red-tailed Black-Cockatoo,Endangered,Present,,"SA, VIC",Animalia,Chordata,Aves,Psittaciformes,Cacatuidae,
Calyptorhynchus banksii naso,"Forest Red-tailed Black-Cockatoo, Karrak",Vulnerable,Endemic,,WA,Animalia,Chordata,Aves,Psittaciformes,Cacatuidae,
Calyptorhynchus baudinii,"Baudin's Cockatoo, Long-billed Black-Cockatoo",Endangered,Endemic,,WA,Animalia,Chordata,Aves,Psittaciformes,Cacatuidae,
Calyptorhynchus lathami halmaturinus,"Kangaroo Island Glossy Black-Cockatoo, Glossy Black-Cockatoo (South Australian)",Endangered,Endemic,,SA,Animalia,Chordata,Aves,Psittaciformes,Cacatuidae,
Calyptorhynchus lathami lathami,South-eastern Glossy Black-Cockatoo,Vulnerable,Present,,"ACT, NSW, QLD, TER, VIC",Animalia,Chordata,Aves,Psittaciformes,Cacatuidae,
Calyptorhynchus latirostris,"Carnaby's Cockatoo,  Short-billed Black-Cockatoo",Endangered,Endemic,,WA,Animalia,Chordata,Aves,Psittaciformes,Cacatuidae,
Carcharias taurus (east coast population),Grey Nurse Shark (east coast population),Critically Endangered,Present,,"NSW, OCE, QLD, TAS, TER, VIC",Animalia,Chordata,Chondrichthyes,Carcharhiniformes,Carcharhinidae,
Carcharias taurus (west coast population),Grey Nurse Shark (west coast population),Vulnerable,Present,,"OCE, WA",Animalia,Chordata,Chondrichthyes,Carcharhiniformes,Carcharhinidae,
Carcharodon carcharias,"White Shark, Great White Shark",Vulnerable,Present,,"ACR, CI, CKI, CSI, NI, NSW, NT, OCE, QLD, SA, TAS, TER, VIC, WA",Animalia,Chordata,Chondrichthyes,Lamniformes,Lamnidae,
Caretta caretta,Loggerhead Turtle,Endangered,Present,,"ACR, CI, CKI, CSI, NI, NSW, NT, OCE, QLD, SA, TAS, TER, VIC, WA",Animalia,Chordata,Reptilia,Testudines,Cheloniidae,
Casuarius casuarius johnsonii,"Southern Cassowary, Australian Cassowary, Double-wattled Cassowary",Endangered,Endemic,,QLD,Animalia,Chordata,Aves,Struthioniformes,Casuariidae,
Centrophorus harrissoni,"Harrisson's Dogfish, Endeavour Dogfish, Dumb Gulper Shark, Harrison's Deepsea Dogfish",Conservation Dependent,Present,,"CSI, NI, OCE",Animalia,Chordata,Chondrichthyes,Sqaliformes,Centrophoridae,
Centrophorus zeehaani,"Southern Dogfish, Endeavour Dogfish, Little Gulper Shark",Conservation Dependent,Present,,"OCE, SA",Animalia,Chordata,Chondrichthyes,Sqaliformes,Centrophoridae,
Cereopsis novaehollandiae grisea,"Cape Barren Goose (south-western), Recherche Cape Barren Goose",Vulnerable,Endemic,,WA,Animalia,Chordata,Aves,Anseriformes,Anatidae,
Cereopsis novaehollandiae grisea,"Cape Barren Goose (south-western), Recherche Cape Barren Goose",Vulnerable,Present,,OCE,Animalia,Chordata,Aves,Anseriformes,Anatidae,
Ceyx azureus diemenensis,Tasmanian Azure Kingfisher,Endangered,Endemic,,TAS,Animalia,Chordata,Aves,Coraciiformes,Alcedinidae,
Chaeropus ecaudatus,"Pig-footed Bandicoot, Kanjilpa, Wilalya",Extinct,Extinct,,"NSW, NT, QLD, SA, VIC, WA",Animalia,Chordata,Mammalia,Polyprotodonta,Peramelidae,
Chaeropus yirratji,"Yirratji, Northern Pig-footed Bandicoot",Extinct,Extinct,,"NT, QLD, SA, WA",Animalia,Chordata,Mammalia,Polyprotodonta,Peramelidae,
Chalcophaps indica natalis,"Christmas Island Emerald Dove, Emerald Dove (Christmas Island)",Endangered,Endemic,Christmas Island,"AET, CI",Animalia,Chordata,Aves,Columbiformes,Columbidae,
Chalinolobus dwyeri,"Large-eared Pied Bat, Large Pied Bat",Vulnerable,Present,,"NSW, QLD, TER",Animalia,Chordata,Mammalia,Chiroptera,Vespertilionidae,
Charadrius leschenaultii,"Greater Sand Plover, Large Sand Plover",Vulnerable,Present,,"ACR, CI, NSW, NT, OCE, QLD, SA, TAS, VIC, WA",Animalia,Chordata,Aves,Charadriiformes,Charadriidae,
Charadrius mongolus,"Lesser Sand Plover, Mongolian Plover",Endangered,Present,,"CSI, NSW, NT, OCE, QLD, SA, TAS, VIC, WA",Animalia,Chordata,Aves,Charadriiformes,Charadriidae,
Chelonia mydas,Green Turtle,Vulnerable,Present,,"ACR, AET, CI, CKI, CSI, NI, NSW, NT, OCE, QLD, SA, TAS, TER, VIC, WA",Animalia,Chordata,Reptilia,Testudines,Cheloniidae,
Cherax tenuimanus,"Hairy Marron, Margaret River Hairy Marron, Margaret River Marron",Critically Endangered,Endemic,,WA,Animalia,Arthropoda,Malacostraca,Decapoda,Parastacidae,
Chlamydogobius micropterus,Elizabeth Springs Goby,Endangered,Endemic,,QLD,Animalia,Chordata,Actinopterygii,Perciformes,Gobiidae,
Chlamydogobius squamigenus,Edgbaston Goby,Vulnerable,Endemic,,QLD,Animalia,Chordata,Actinopterygii,Perciformes,Gobiidae,
Christinus guentheri,"Lord Howe Island Gecko, Lord Howe Island Southern Gecko ",Vulnerable,Present,,"AET, NI, NSW",Animalia,Chordata,Reptilia,Squamata,Gekkonidae,
Cinclosoma punctatum anachoreta,"Mt Lofty Ranges Spotted Quail-thrush, Spotted Quail-thrush (Mt Lofty Ranges)",Critically Endangered,Endemic,,SA,Animalia,Chordata,Aves,Passeriformes,Cinclosomatidae,
Coeranoscincus reticulatus,Three-toed Snake-tooth Skink,Vulnerable,Present,,"NSW, QLD",Animalia,Chordata,Reptilia,Squamata,Scincidae,
Columba vitiensis godmanae,"Lord Howe White-throated Pigeon, White-throated Pigeon (Lord Howe Island)",Extinct,Extinct,Lord Howe Island,NSW,Animalia,Chordata,Aves,Columbiformes,Columbidae,
Conilurus albipes,"White-footed Rabbit-rat, Parroo, White-footed Tree-rat",Extinct,Extinct,,"NSW, QLD, SA, VIC",Animalia,Chordata,Mammalia,Rodentia,Muridae,
Conilurus capricornensis,Capricorn Rabbit-rat,Extinct,Extinct,,QLD,Animalia,Chordata,Mammalia,Rodentia,Muridae,
Conilurus penicillatus,"Brush-tailed Rabbit-rat, Brush-tailed Tree-rat, Pakooma",Vulnerable,Present,,"NT, QLD, WA",Animalia,Chordata,Mammalia,Rodentia,Muridae,
Cophixalus aenigma,Tapping Nursery-frog,Endangered,Present,,QLD,Animalia,Chordata,Amphibia,Anura,Microhylidae,
Cophixalus concinnus,Elegant Frog,Critically Endangered,Present,,QLD,Animalia,Chordata,Amphibia,Anura,Microhylidae,
Cophixalus hosmeri,"Hosmer's Frog, Rattling Nursery-frog",Critically Endangered,Present,,QLD,Animalia,Chordata,Amphibia,Anura,Microhylidae,
Cophixalus mcdonaldi,"McDonald's Frog, Mt Elliot Nursery-frog",Critically Endangered,Present,,QLD,Animalia,Chordata,Amphibia,Anura,Microhylidae,
Cophixalus monticola,Mountain-top Nursery-frog,Critically Endangered,Present,,QLD,Animalia,Chordata,Amphibia,Anura,Microhylidae,
Cophixalus neglectus,"Neglected Frog, Bellenden Ker Nursery-frog",Critically Endangered,Present,,QLD,Animalia,Chordata,Amphibia,Anura,Microhylidae,
Craterocephalus fluviatilis,Murray Hardyhead,Endangered,Present,,"NSW, SA, VIC",Animalia,Chordata,Actinopterygii,Atheriniformes,Atherinidae,
Crinia sloanei,Sloane's Froglet,Endangered,Present,,"NSW, VIC",Animalia,Chordata,Amphibia,Anura,Myobatrachidae,
Crocidura trichura,Christmas Island Shrew,Critically Endangered,Endemic,,"AET, CI",Animalia,Chordata,Mammalia,Insectivora,Soricidae,
Cryptoblepharus egeriae,"Christmas Island Blue-tailed Skink, Blue-tailed Snake-eyed Skink",Critically Endangered,Present,,"AET, CI",Animalia,Chordata,Reptilia,Squamata,Scincidae,
Cryptoblepharus gurrmul,Arafura Snake-eyed Skink,Endangered,Present,,NT,Animalia,Chordata,Reptilia,Squamata,Scincidae,
Ctenophorus yinnietharra,Yinnietharra Rock-Dragon,Vulnerable,Endemic,,WA,Animalia,Chordata,Reptilia,Squamata,Agamidae,
Ctenotus lancelini,Lancelin Island Skink,Vulnerable,Endemic,,WA,Animalia,Chordata,Reptilia,Squamata,Scincidae,
Ctenotus serotinus,Gravel Downs Ctenotus,Critically Endangered,Present,,QLD,Animalia,Chordata,Reptilia,Squamata,Scincidae,
Ctenotus zastictus,Hamelin Ctenotus,Vulnerable,Endemic,,WA,Animalia,Chordata,Reptilia,Squamata,Scincidae,
Cyanoramphus cookii,"Norfolk Island Green Parrot, Tasman Parakeet, Norfolk Island Parakeet",Endangered,Endemic,,"AET, NI",Animalia,Chordata,Aves,Psittaciformes,Psittacidae,
Cyanoramphus novaezelandiae erythrotis,"Macquarie Island Red-fronted Parakeet, Red-crowned Parakeet (Macquarie Island)",Extinct,Extinct,Macquarie Island,"AET, TAS",Animalia,Chordata,Aves,Psittaciformes,Psittacidae,
Cyanoramphus novaezelandiae subflavescens,"Lord Howe Tasman Parakeet, Red-crowned Parakeet (Lord Howe Island)",Extinct,Extinct,Lord Howe Island,NSW,Animalia,Chordata,Aves,Psittaciformes,Psittacidae,
Cyclodomorphus praealtus,Alpine She-oak Skink,Endangered,Present,,"NSW, VIC",Animalia,Chordata,Reptilia,Squamata,Scincidae,
Cyclopsitta diophthalma coxeni,Coxen's Fig-Parrot,Endangered,Present,,"NSW, QLD",Animalia,Chordata,Aves,Psittaciformes,Psittacidae,
Cyrtodactylus sadleiri,Christmas Island Giant Gecko,Endangered,Present,,"AET, CI",Animalia,Chordata,Reptilia,Squamata,Gekkonidae,
Dasyornis brachypterus,Eastern Bristlebird,Endangered,Present,,"NSW, QLD, TER, VIC",Animalia,Chordata,Aves,Passeriformes,Dasyornithidae,
Dasyornis broadbenti litoralis,"Rufous Bristlebird (western), South-western Rufous Bristlebird",Extinct,Extinct,,WA,Animalia,Chordata,Aves,Passeriformes,Dasyornithidae,
Dasyornis longirostris,Western Bristlebird,Endangered,Endemic,,WA,Animalia,Chordata,Aves,Passeriformes,Dasyornithidae,
Dasyuroides byrnei,"Kowari, brushy-tailed marsupial rat, Byrne's crest-tailed marsupial rat ",Vulnerable,Present,,"NT, QLD, SA",Animalia,Chordata,Mammalia,Polyprotodonta,Dasyuridae,
Dasyurus geoffroii,"Chuditch, Western Quoll",Vulnerable,Endemic,,WA,Animalia,Chordata,Mammalia,Polyprotodonta,Dasyuridae,
Dasyurus geoffroii,"Chuditch, Western Quoll",Vulnerable,Present,,"NSW, NT, QLD, SA",Animalia,Chordata,Mammalia,Polyprotodonta,Dasyuridae,
Dasyurus hallucatus,"Northern Quoll, Digul [Gogo-Yimidir], Wijingadda [Dambimangari], Wiminji [Martu]",Endangered,Present,,"NT, QLD, WA",Animalia,Chordata,Mammalia,Polyprotodonta,Dasyuridae,
Dasyurus maculatus gracilis,"Spotted-tailed Quoll (North Queensland), Yarri ",Endangered,Endemic,,QLD,Animalia,Chordata,Mammalia,Polyprotodonta,Dasyuridae,
Dasyurus maculatus maculatus (SE mainland population),"Spot-tailed Quoll, Spotted-tail Quoll, Tiger Quoll (southeastern mainland population)",Endangered,Present,,"ACT, NSW, QLD, SA, TER, VIC",Animalia,Chordata,Mammalia,Polyprotodonta,Dasyuridae,
Dasyurus maculatus maculatus (Tasmanian population),"Spotted-tail Quoll, Spot-tailed Quoll, Tiger Quoll (Tasmanian population)",Vulnerable,Endemic,,TAS,Animalia,Chordata,Mammalia,Polyprotodonta,Dasyuridae,
Dasyurus viverrinus,"Eastern Quoll, Luaner",Endangered,Present,,"NSW, SA, TAS, VIC",Animalia,Chordata,Mammalia,Polyprotodonta,Dasyuridae,
Delma impar,"Striped Legless Lizard, Striped Snake-lizard",Vulnerable,Present,,"ACT, NSW, SA, VIC",Animalia,Chordata,Reptilia,Squamata,Pygopodidae,
Delma mitella,"Atherton Delma, Legless Lizard",Vulnerable,Endemic,,QLD,Animalia,Chordata,Reptilia,Squamata,Pygopodidae,
Delma torquata,"Adorned Delma, Collared Delma",Vulnerable,Endemic,,QLD,Animalia,Chordata,Reptilia,Squamata,Pygopodidae,
Delma torquata,"Adorned Delma, Collared Delma",Vulnerable,Present,,NSW,Animalia,Chordata,Reptilia,Squamata,Pygopodidae,
Dendronephthya australis,Cauliflower Soft Coral,Endangered,Endemic,,NSW,Animalia,Cnidaria,Anthozoa,Alcyonacea,Nephtheidae,
Denisonia maculata,Ornamental Snake,Vulnerable,Endemic,,QLD,Animalia,Chordata,Reptilia,Squamata,Elapidae,
Dermochelys coriacea,"Leatherback Turtle, Leathery Turtle, Luth",Endangered,Present,,"ACR, AET, CI, CKI, CSI, NI, NSW, NT, OCE, QLD, SA, TAS, TER, VIC, WA",Animalia,Chordata,Reptilia,Testudines,Dermochelyidae,
Diomedea amsterdamensis,Amsterdam Albatross,Endangered,Present,,"OCE, WA",Animalia,Chordata,Aves,Procellariiformes,Diomedeidae,
Diomedea antipodensis,Antipodean Albatross,Vulnerable,Present,,"NI, NSW, OCE, QLD, SA, TAS, TER, VIC, WA",Animalia,Chordata,Aves,Procellariiformes,Diomedeidae,
Diomedea antipodensis gibsoni,Gibson's Albatross,Vulnerable,Present,,"HI, NI, NSW, OCE, QLD, TAS, TER, VIC",Animalia,Chordata,Aves,Procellariiformes,Diomedeidae,
Diomedea dabbenena,Tristan Albatross,Endangered,Present,,"OCE, QLD, SA, WA",Animalia,Chordata,Aves,Procellariiformes,Diomedeidae,
Diomedea epomophora,Southern Royal Albatross,Vulnerable,Present,,"ANT, HI, NI, NSW, OCE, QLD, SA, TAS, TER, VIC, WA",Animalia,Chordata,Aves,Procellariiformes,Diomedeidae,
Diomedea exulans,Wandering Albatross,Vulnerable,Present,,"AET, ANT, CSI, HI, NI, NSW, OCE, QLD, SA, TAS, TER, VIC, WA",Animalia,Chordata,Aves,Procellariiformes,Diomedeidae,
Diomedea sanfordi,Northern Royal Albatross,Endangered,Present,,"ANT, HI, NI, NSW, OCE, QLD, SA, TAS, TER, VIC, WA",Animalia,Chordata,Aves,Procellariiformes,Diomedeidae,
Dromaius ater,King Island Emu,Extinct,Extinct,,TAS,Animalia,Chordata,Aves,Struthioniformes,Dromaiidae,
Dromaius baudinianus,Kangaroo Island Emu,Extinct,Extinct,Kangaroo Island,SA,Animalia,Chordata,Aves,Struthioniformes,Dromaiidae,
Dromaius novaehollandiae diemenensis,"Tasmanian Emu, Emu (Tasmanian)",Extinct,Extinct,,TAS,Animalia,Chordata,Aves,Struthioniformes,Dromaiidae,
Dryococelus australis,"Lord Howe Island Phasmid, Land Lobster",Critically Endangered,Endemic,Lord Howe Island,NSW,Animalia,Arthropoda,Insecta,Phasmatodea,Phasmatidae,
Egernia roomi,"Kaputar Rock Skink, Mt Kaputar Rock Skink",Critically Endangered,Endemic,,NSW,Animalia,Chordata,Reptilia,Squamata,Scincidae,
Egernia rugosa,Yakka Skink,Vulnerable,Endemic,,QLD,Animalia,Chordata,Reptilia,Squamata,Scincidae,
Egernia rugosa,Yakka Skink,Vulnerable,Present,,NSW,Animalia,Chordata,Reptilia,Squamata,Scincidae,
Egernia stokesii badia,"Western Spiny-tailed Skink, Baudin Island Spiny-tailed Skink",Endangered,Endemic,,WA,Animalia,Chordata,Reptilia,Squamata,Scincidae,
Elseya albagula,"Southern Snapping Turtle, White-throated Snapping Turtle",Critically Endangered,Present,,QLD,Animalia,Chordata,Reptilia,Testudines,Chelidae,
Elseya lavarackorum,Gulf Snapping Turtle,Endangered,Present,,"NT, QLD",Animalia,Chordata,Reptilia,Testudines,Chelidae,
Elusor macrurus,"Mary River Turtle, Mary River Tortoise",Endangered,Endemic,,QLD,Animalia,Chordata,Reptilia,Testudines,Chelidae,
Emoia nativitatis,"Christmas Island Forest Skink, Christmas Island Whiptail-skink",Extinct,Present,,"AET, CI",Animalia,Chordata,Reptilia,Squamata,Scincidae,
Engaeus granulatus,Central North Burrowing Crayfish,Endangered,Endemic,,TAS,Animalia,Arthropoda,Malacostraca,Decapoda,Parastacidae,
Engaeus martigener,Furneaux Burrowing Crayfish,Endangered,Endemic,,TAS,Animalia,Arthropoda,Malacostraca,Decapoda,Parastacidae,
Engaeus orramakunna,Mount Arthur Burrowing Crayfish,Vulnerable,Endemic,,TAS,Animalia,Arthropoda,Malacostraca,Decapoda,Parastacidae,
Engaeus spinicaudatus,Scottsdale Burrowing Crayfish,Endangered,Endemic,,TAS,Animalia,Arthropoda,Malacostraca,Decapoda,Parastacidae,
Engaeus yabbimunna,Burnie Burrowing Crayfish,Vulnerable,Endemic,,TAS,Animalia,Arthropoda,Malacostraca,Decapoda,Parastacidae,
Engaewa pseudoreducta,Margaret River Burrowing Crayfish,Critically Endangered,Endemic,,WA,Animalia,Arthropoda,Malacostraca,Decapoda,Parastacidae,
Engaewa reducta,Dunsborough Burrowing Crayfish,Critically Endangered,Endemic,,WA,Animalia,Arthropoda,Malacostraca,Decapoda,Parastacidae,
Engaewa walpolea,Walpole Burrowing Crayfish,Endangered,Endemic,,WA,Animalia,Arthropoda,Malacostraca,Decapoda,Parastacidae,
Epinephelus daemelii,"Black Rockcod, Black Cod, Saddled Rockcod",Vulnerable,Present,,"CSI, NI, NSW, OCE, QLD, TER, VIC",Animalia,Chordata,Actinopterygii,Perciformes,Serranidae,
Epthianura crocea macgregori,"Capricorn Yellow Chat, Yellow Chat (Dawson)",Critically Endangered,Endemic,,QLD,Animalia,Chordata,Aves,Passeriformes,Meliphagidae,
Epthianura crocea tunneyi,"Alligator Rivers Yellow Chat, Yellow Chat (Alligator Rivers)",Endangered,Endemic,,NT,Animalia,Chordata,Aves,Passeriformes,Meliphagidae,
Eretmochelys imbricata,Hawksbill Turtle,Vulnerable,Possible,,VIC,Animalia,Chordata,Reptilia,Testudines,Cheloniidae,
Eretmochelys imbricata,Hawksbill Turtle,Vulnerable,Present,,"ACR, AET, CI, CKI, CSI, NI, NSW, NT, OCE, QLD, TAS, TER, WA",Animalia,Chordata,Reptilia,Testudines,Cheloniidae,
Erythrotriorchis radiatus,Red Goshawk,Vulnerable,Present,,"NSW, NT, QLD, WA",Animalia,Chordata,Aves,Falconiformes,Accipitridae,
Erythrura gouldiae,Gouldian Finch,Endangered,Present,,"NT, QLD, WA",Animalia,Chordata,Aves,Passeriformes,Estrildidae,
Euastacus bindal,"freshwater crayfish, spiny crayfish",Critically Endangered,Present,,QLD,Animalia,Arthropoda,Malacostraca,Decapoda,Parastacidae,
Euastacus bispinosus,"Glenelg Spiny Freshwater Crayfish, Pricklyback",Endangered,Present,,"SA, VIC",Animalia,Arthropoda,Malacostraca,Decapoda,Parastacidae,
Euastacus dharawalus,Fitzroy Falls Spiny Crayfish,Critically Endangered,Endemic,,NSW,Animalia,Arthropoda,Malacostraca,Decapoda,Parastacidae,
Eubalaena australis,Southern Right Whale,Endangered,Present,,"AET, ANT, CSI, HI, NI, NSW, OCE, QLD, SA, TAS, TER, VIC, WA",Animalia,Chordata,Mammalia,Cetacea,Balaenidae,
Eulamprus leuraensis,Blue Mountains Water Skink,Endangered,Endemic,,NSW,Animalia,Chordata,Reptilia,Squamata,Scincidae,
Eulamprus tympanum marnieae,"Corangamite Water Skink, Dreeite Water Skink",Endangered,Endemic,,VIC,Animalia,Chordata,Reptilia,Squamata,Scincidae,
Falco hypoleucos,Grey Falcon,Vulnerable,Present,,"ACT, NSW, NT, QLD, SA, VIC, WA",Animalia,Chordata,Aves,Falconiformes,Falconidae,
Falcunculus frontatus whitei,"Crested Shrike-tit (northern), Northern Shrike-tit",Vulnerable,Present,,"NT, WA",Animalia,Chordata,Aves,Passeriformes,Pachycephalidae,
Fregata andrewsi,"Christmas Island Frigatebird, Andrew's Frigatebird",Endangered,Present,Christmas Island,"AET, CI, OCE",Animalia,Chordata,Aves,Pelecaniformes,Fregatidae,
Fregetta grallaria grallaria,"White-bellied Storm-Petrel (Tasman Sea), White-bellied Storm-Petrel (Australasian)",Vulnerable,Present,,"AET, ANT, CSI, HI, NI, NSW, OCE, QLD, TAS, TER, VIC",Animalia,Chordata,Aves,Procellariiformes,Hydrobatidae,
Furina dunmalli,Dunmall's Snake,Vulnerable,Present,,"NSW, QLD",Animalia,Chordata,Reptilia,Squamata,Elapidae,
Galaxias auratus,Golden Galaxias,Endangered,Endemic,,TAS,Animalia,Chordata,Actinopterygii,Salmoniformes,Galaxiidae,
Galaxias fontanus,Swan Galaxias,Endangered,Endemic,,TAS,Animalia,Chordata,Actinopterygii,Salmoniformes,Galaxiidae,
Galaxias fuscus,Barred Galaxias,Endangered,Endemic,,VIC,Animalia,Chordata,Actinopterygii,Salmoniformes,Galaxiidae,
Galaxias johnstoni,Clarence Galaxias,Endangered,Endemic,,TAS,Animalia,Chordata,Actinopterygii,Salmoniformes,Galaxiidae,
Galaxias parvus,Swamp Galaxias,Vulnerable,Endemic,,TAS,Animalia,Chordata,Actinopterygii,Salmoniformes,Galaxiidae,
Galaxias pedderensis,Pedder Galaxias,Extinct in the wild,Endemic,,TAS,Animalia,Chordata,Actinopterygii,Salmoniformes,Galaxiidae,
Galaxias rostratus,"Flathead Galaxias, Beaked Minnow, Flat-headed Galaxias, Flat-headed Jollytail, Flat-headed Minnow",Critically Endangered,Present,,"NSW, SA, VIC",Animalia,Chordata,Actinopterygii,Salmoniformes,Galaxiidae,
Galaxias tantangara,Stocky Galaxias,Critically Endangered,Endemic,,NSW,Animalia,Chordata,Actinopterygii,Salmoniformes,Galaxiidae,
Galaxias tanycephalus,Saddled Galaxias,Vulnerable,Endemic,,TAS,Animalia,Chordata,Actinopterygii,Salmoniformes,Galaxiidae,
Galaxias truttaceus (Western Australian population),Western Trout Minnow,Endangered,Endemic,,WA,Animalia,Chordata,Actinopterygii,Salmoniformes,Galaxiidae,
Galaxiella nigrostriata,"Blackstriped Dwarf Galaxias, Black-stripe Minnow",Endangered,Endemic,,WA,Animalia,Chordata,Actinopterygii,Salmoniformes,Galaxiidae,
Galaxiella pusilla,"Eastern Dwarf Galaxias, Dwarf Galaxias",Vulnerable,Present,,"SA, TAS, VIC",Animalia,Chordata,Actinopterygii,Salmoniformes,Galaxiidae,
Galeorhinus galeus,"School Shark, Eastern School Shark, Snapper Shark, Tope, Soupfin Shark",Conservation Dependent,Present,,"CSI, NI, NSW, OCE, QLD, SA, TAS, TER, VIC, WA",Animalia,Chordata,Chondrichthyes,Chimaeiformes,Triakidae,
Geocrinia alba,"White-bellied Frog, Creek Frog",Critically Endangered,Endemic,,WA,Animalia,Chordata,Amphibia,Anura,Myobatrachidae,
Geocrinia vitellina,Orange-bellied Frog,Vulnerable,Endemic,,WA,Animalia,Chordata,Amphibia,Anura,Myobatrachidae,
Geophaps scripta scripta,Squatter Pigeon (southern),Vulnerable,Present,,"NSW, QLD",Animalia,Chordata,Aves,Columbiformes,Columbidae,
Geophaps smithii blaauwi,Partridge Pigeon (western),Vulnerable,Endemic,,WA,Animalia,Chordata,Aves,Columbiformes,Columbidae,
Geophaps smithii smithii,Partridge Pigeon (eastern),Vulnerable,Endemic,,NT,Animalia,Chordata,Aves,Columbiformes,Columbidae,
Geophaps smithii smithii,Partridge Pigeon (eastern),Vulnerable,Present,,WA,Animalia,Chordata,Aves,Columbiformes,Columbidae,
Gerygone insularis,"Lord Howe Gerygone, Lord Howe Warbler",Extinct,Extinct,Lord Howe Island,NSW,Animalia,Chordata,Aves,Passeriformes,Pardalotidae,
Glyphis garricki,"Northern River Shark, New Guinea River Shark",Endangered,Present,,"NT, OCE, WA",Animalia,Chordata,Chondrichthyes,Carcharhiniformes,Carcharhinidae,
Glyphis glyphis,Speartooth Shark,Critically Endangered,Present,,"NT, OCE, QLD",Animalia,Chordata,Chondrichthyes,Carcharhiniformes,Carcharhinidae,
Grantiella picta,Painted Honeyeater,Vulnerable,Present,,"ACT, NSW, NT, QLD, SA, TER, VIC",Animalia,Chordata,Aves,Passeriformes,Meliphagidae,
Gudeoconcha sophiae magnifica,Magnificent Helicarionid Land Snail,Critically Endangered,Present,,"AET, NSW",Animalia,Mollusca,Gastropoda,Pulmonata,Helicarionidae,
Gymnobelideus leadbeateri,Leadbeater's Possum,Critically Endangered,Endemic,,VIC,Animalia,Chordata,Mammalia,Diprotodonta,Petauridae,
Halobaena caerulea,Blue Petrel,Vulnerable,Present,,"AET, ANT, HI, NSW, OCE, SA, TAS, VIC, WA",Animalia,Chordata,Aves,Procellariiformes,Procellariidae,
Heleioporus australiacus,Giant Burrowing Frog,Vulnerable,Present,,"NSW, TER, VIC",Animalia,Chordata,Amphibia,Anura,Limnodynastidae,
Hemiaspis damelii,Grey Snake,Endangered,Present,,"NSW, QLD",Animalia,Chordata,Reptilia,Squamata,Elapidae,
Hemiphaga novaeseelandiae spadicea,"New Zealand Pigeon (Norfolk Island race), Norfolk Island New Zealand Pigeon",Extinct,Extinct,Norfolk Island,AET,Animalia,Chordata,Aves,Columbiformes,Columbidae,
Hesperocolletes douglasi,"Douglas' Broad-headed Bee, Rottnest Bee",Critically Endangered,Present,,WA,Animalia,Arthropoda,Insecta,Hymenoptera,Colletidae,
Hippocampus whitei,"White's Seahorse, Crowned Seahorse, Sydney Seahorse",Endangered,Present,,"NSW, OCE, QLD, TAS, VIC",Animalia,Chordata,Actinopterygii,Syngnathiformes,Syngnathidae,
Hipposideros inornatus,Arnhem Leaf-nosed Bat,Endangered,Present,,NT,Animalia,Chordata,Mammalia,Chiroptera,Hipposideridae,
Hipposideros semoni,"Semon's Leaf-nosed Bat, Greater Wart-nosed Horseshoe-bat",Vulnerable,Endemic,,QLD,Animalia,Chordata,Mammalia,Chiroptera,Hipposideridae,
Hirundapus caudacutus,White-throated Needletail,Vulnerable,Present,,"ACT, NSW, QLD, SA, TAS, TER, VIC",Animalia,Chordata,Aves,Apodiformes,Apodidae,
Hoplocephalus bungaroides,Broad-headed Snake,Vulnerable,Endemic,,NSW,Animalia,Chordata,Reptilia,Squamata,Elapidae,
Hoplocephalus bungaroides,Broad-headed Snake,Vulnerable,Present,,TER,Animalia,Chordata,Reptilia,Squamata,Elapidae,
Hoplogonus bornemisszai,Bornemissza's Stag Beetle,Critically Endangered,Endemic,,TAS,Animalia,Arthropoda,Insecta,Coleoptera,Lucanidae,
Hoplogonus simsoni,Simson's Stag Beetle,Vulnerable,Endemic,,TAS,Animalia,Arthropoda,Insecta,Coleoptera,Lucanidae,
Hoplogonus vanderschoori,Vanderschoor's Stag Beetle,Vulnerable,Endemic,,TAS,Animalia,Arthropoda,Insecta,Coleoptera,Lucanidae,
Hoplostethus atlanticus,"Orange Roughy, Deep-sea Perch, Red Roughy",Conservation Dependent,Present,,"ANT, CSI, HI, NI, NSW, OCE, TAS",Animalia,Chordata,Actinopterygii,Beryciformes,Trachichthyidae,
Hypolimnus pedderensis,Lake Pedder Earthworm,Extinct,Endemic,,TAS,Animalia,Annelida,Oligochaeta,Haplotaxida,Megascolecidae,
Hypotaenidia philippensis andrewsi,"Buff-banded Rail (Cocos (Keeling) Islands), Ayam Hutan",Endangered,Endemic,,CKI,Animalia,Chordata,Aves,Gruiformes,Rallidae,
Hypotaenidia sylvestris,Lord Howe Woodhen,Endangered,Endemic,,NSW,Animalia,Chordata,Aves,Gruiformes,Rallidae,
Hyridella glenelgensis,Glenelg Freshwater Mussel,Critically Endangered,Present,,VIC,Animalia,Mollusca,Bivalvia,Unionida,Hyriidae,
Idiosoma nigrum,"Shield-backed Trapdoor Spider, Black Rugose Trapdoor Spider",Vulnerable,Endemic,,WA,Animalia,Arthropoda,Arachnida,Araneae,Idiopidae,
Isoodon auratus auratus,Golden Bandicoot (mainland),Vulnerable,Present,,"NSW, NT, SA, WA",Animalia,Chordata,Mammalia,Polyprotodonta,Peramelidae,
Isoodon auratus barrowensis,Golden Bandicoot (Barrow Island),Vulnerable,Endemic,,WA,Animalia,Chordata,Mammalia,Polyprotodonta,Peramelidae,
Isoodon obesulus nauticus,Southern Brown Bandicoot (Nuyts Archipelago),Vulnerable,Endemic,,SA,Animalia,Chordata,Mammalia,Polyprotodonta,Peramelidae,
Isoodon obesulus obesulus,"Southern Brown Bandicoot (eastern), Southern Brown Bandicoot (south-eastern)",Endangered,Present,,"NSW, SA, TER, VIC",Animalia,Chordata,Mammalia,Polyprotodonta,Peramelidae,
Keyacris scurra,Key's Matchstick Grasshopper,Endangered,Present,,"ACT, NSW, VIC",Animalia,Arthropoda,Insecta,Orthoptera,Morabidae,
Kumonga exleyi,Cape Range Remipede,Vulnerable,Endemic,,WA,Animalia,Arthropoda,Remipedia,Nectiopoda,Kumongidae,
Lagorchestes asomatus,"Kuluwarri, Central Hare-wallaby",Extinct,Extinct,,"NT, WA",Animalia,Chordata,Mammalia,Diprotodonta,Macropodidae,
Lagorchestes conspicillatus conspicillatus,Spectacled Hare-wallaby (Barrow Island),Vulnerable,Endemic,,WA,Animalia,Chordata,Mammalia,Diprotodonta,Macropodidae,
Lagorchestes hirsutus Central Australian subspecies,"Mala, Rufous Hare-Wallaby (Central Australia)",Endangered,Endemic,,NT,Animalia,Chordata,Mammalia,Diprotodonta,Macropodidae,
Lagorchestes hirsutus Central Australian subspecies,"Mala, Rufous Hare-Wallaby (Central Australia)",Endangered,Present,,WA,Animalia,Chordata,Mammalia,Diprotodonta,Macropodidae,
Lagorchestes hirsutus bernieri,Rufous Hare-wallaby (Bernier Island),Vulnerable,Endemic,,WA,Animalia,Chordata,Mammalia,Diprotodonta,Macropodidae,
Lagorchestes hirsutus dorreae,Rufous Hare-wallaby (Dorre Island),Vulnerable,Endemic,,WA,Animalia,Chordata,Mammalia,Diprotodonta,Macropodidae,
Lagorchestes hirsutus hirsutus,"Rufous Hare-wallaby (south-western), Woorap",Extinct,Extinct,,"NT, SA, WA",Animalia,Chordata,Mammalia,Diprotodonta,Macropodidae,
Lagorchestes leporides,Eastern Hare-wallaby,Extinct,Extinct,,"NSW, QLD, SA, VIC",Animalia,Chordata,Mammalia,Diprotodonta,Macropodidae,
Lagostrophus fasciatus albipilis,Banded Hare-wallaby (mainland),Extinct,Extinct,,WA,Animalia,Chordata,Mammalia,Diprotodonta,Macropodidae,
Lagostrophus fasciatus fasciatus,"Banded Hare-wallaby, Merrnine, Marnine, Munning ",Vulnerable,Endemic,,WA,Animalia,Chordata,Mammalia,Diprotodonta,Macropodidae,
Lalage leucopyga leucopyga,Norfolk Island Long-tailed Triller,Extinct,Extinct,Norfolk Island,AET,Animalia,Chordata,Aves,Passeriformes,Campephagidae,
Lasiorhinus krefftii,"Northern Hairy-nosed Wombat, Yaminon",Critically Endangered,Endemic,,QLD,Animalia,Chordata,Mammalia,Diprotodonta,Vombatidae,
Lasiorhinus krefftii,"Northern Hairy-nosed Wombat, Yaminon",Critically Endangered,Present,,NSW,Animalia,Chordata,Mammalia,Diprotodonta,Vombatidae,
Lathamus discolor,Swift Parrot,Critically Endangered,Present,,"ACT, NSW, OCE, QLD, SA, TAS, TER, VIC",Animalia,Chordata,Aves,Psittaciformes,Psittacidae,
Leioproctus douglasiellus,a short-tongued bee,Critically Endangered,Endemic,,WA,Animalia,Arthropoda,Insecta,Hymenoptera,Colletidae,
Leipoa ocellata,Malleefowl,Vulnerable,Present,,"NSW, NT, SA, VIC, WA",Animalia,Chordata,Aves,Galliformes,Megapodiidae,
Lepidochelys olivacea,"Olive Ridley Turtle, Pacific Ridley Turtle",Endangered,Present,,"ACR, CI, CKI, CSI, NSW, NT, OCE, QLD, WA",Animalia,Chordata,Reptilia,Testudines,Cheloniidae,
Lepidodactylus listeri,"Christmas Island Gecko, Lister's Gecko",Critically Endangered,Endemic,Christmas Island,"AET, CI",Animalia,Chordata,Reptilia,Squamata,Gekkonidae,
Leporillus apicalis,"Lesser Stick-nest Rat,Tjooyalpi, White-tailed Stick-nest Rat",Extinct,Extinct,,"NSW, NT, SA, VIC, WA",Animalia,Chordata,Mammalia,Rodentia,Muridae,
Leporillus conditor,"Wopilkara, Greater Stick-nest Rat",Vulnerable,Present,,"NSW, SA, WA",Animalia,Chordata,Mammalia,Rodentia,Muridae,
Lerista allanae,"Allan's Lerista, Retro Slider",Endangered,Endemic,,QLD,Animalia,Chordata,Reptilia,Squamata,Scincidae,
Lerista nevinae,Nevin's Slider,Endangered,Present,,WA,Animalia,Chordata,Reptilia,Squamata,Scincidae,
Lerista vittata,"Mount Cooper Striped Skink, Mount Cooper Striped Lerista",Vulnerable,Endemic,,QLD,Animalia,Chordata,Reptilia,Squamata,Scincidae,
Leucocarbo atriceps nivalis,"Imperial Shag (Heard Island), Heard Shag",Vulnerable,Endemic,,AET,Animalia,Chordata,Aves,Pelecaniformes,Phalacrocoracidae,
Leucocarbo atriceps purpurascens,Imperial Shag (Macquarie Island),Vulnerable,Endemic,,AET,Animalia,Chordata,Aves,Pelecaniformes,Phalacrocoracidae,
Leucocarbo atriceps purpurascens,Imperial Shag (Macquarie Island),Vulnerable,Present,,TAS,Animalia,Chordata,Aves,Pelecaniformes,Phalacrocoracidae,
Lewinia pectoralis clelandi,"Western Australian Lewin's Rail, Lewin's Rail (western)",Extinct,Extinct,,WA,Animalia,Chordata,Aves,Gruiformes,Rallidae,
Liasis olivaceus barroni,Olive Python (Pilbara subspecies),Vulnerable,Endemic,,WA,Animalia,Chordata,Reptilia,Squamata,Boidae,
Lichenostomus melanops cassidix,"Helmeted Honeyeater, Yellow-tufted Honeyeater (Helmeted)",Critically Endangered,Endemic,,VIC,Animalia,Chordata,Aves,Passeriformes,Meliphagidae,
Limosa lapponica baueri,"Nunivak Bar-tailed Godwit, Western Alaskan Bar-tailed Godwit",Vulnerable,Present,,"NSW, NT, QLD, SA, TAS, VIC, WA",Animalia,Chordata,Aves,Charadriiformes,Scolopacidae,
Limosa lapponica menzbieri,"Northern Siberian Bar-tailed Godwit, Russkoye Bar-tailed Godwit",Critically Endangered,Present,,"NSW, NT, QLD, SA, TAS, VIC, WA",Animalia,Chordata,Aves,Charadriiformes,Scolopacidae,
Liopholis guthega,Guthega Skink,Endangered,Present,,"NSW, VIC",Animalia,Chordata,Reptilia,Squamata,Scincidae,
Liopholis kintorei,"Great Desert Skink, Tjakura, Warrarna, Mulyamiji",Vulnerable,Present,,"NT, SA, WA",Animalia,Chordata,Reptilia,Squamata,Scincidae,
Liopholis montana,Mountain Skink,Endangered,Present,,"ACT, NSW, VIC",Animalia,Chordata,Reptilia,Squamata,Scincidae,
Liopholis pulchra longicauda,"Jurien Bay Skink, Jurien Bay Rock-skink",Vulnerable,Present,,WA,Animalia,Chordata,Reptilia,Squamata,Scincidae,
Liopholis slateri slateri,"Slater's Skink, Floodplain Skink",Endangered,Endemic,,NT,Animalia,Chordata,Reptilia,Squamata,Scincidae,
Lissotes latidens,"Broad-toothed Stag Beetle, Wielangta Stag Beetle",Endangered,Endemic,,TAS,Animalia,Arthropoda,Insecta,Coleoptera,Lucanidae,
Litoria aurea,Green and Golden Bell Frog,Vulnerable,Extinct,,ACT,Animalia,Chordata,Amphibia,Anura,Hylidae,
Litoria aurea,Green and Golden Bell Frog,Vulnerable,Present,,"NSW, TER, VIC",Animalia,Chordata,Amphibia,Anura,Hylidae,
Litoria booroolongensis,Booroolong Frog,Endangered,Present,,"ACT, NSW, VIC",Animalia,Chordata,Amphibia,Anura,Hylidae,
Litoria castanea,"Yellow-spotted Tree Frog, Yellow-spotted Bell Frog",Critically Endangered,Present,,"ACT, NSW",Animalia,Chordata,Amphibia,Anura,Hylidae,
Litoria dayi,"Australian Lace-lid, Lace-eyed Tree Frog, Day's Big-eyed Treefrog",Vulnerable,Endemic,,QLD,Animalia,Chordata,Amphibia,Anura,Hylidae,
Litoria kroombitensis,Kroombit Treefrog,Critically Endangered,Present,,QLD,Animalia,Chordata,Amphibia,Anura,Hylidae,
Litoria littlejohni,"Littlejohn's Tree Frog,  Heath Frog",Endangered,Present,,NSW,Animalia,Chordata,Amphibia,Anura,Hylidae,
Litoria lorica,Armoured Mistfrog,Critically Endangered,Endemic,,QLD,Animalia,Chordata,Amphibia,Anura,Hylidae,
Litoria myola,Kuranda Tree Frog,Critically Endangered,Present,,QLD,Animalia,Chordata,Amphibia,Anura,Hylidae,
Litoria nyakalensis,"Mountain Mistfrog, Nyakala Frog",Critically Endangered,Endemic,,QLD,Animalia,Chordata,Amphibia,Anura,Hylidae,
Litoria olongburensis,Wallum Sedge Frog,Vulnerable,Present,,"NSW, QLD",Animalia,Chordata,Amphibia,Anura,Hylidae,
Litoria piperata,Peppered Tree Frog,Vulnerable,Endemic,,NSW,Animalia,Chordata,Amphibia,Anura,Hylidae,
Litoria raniformis,"Growling Grass Frog, Southern Bell Frog,  Green and Golden Frog, Warty Swamp Frog, Golden Bell Frog",Vulnerable,Present,,"ACT, NSW, SA, TAS, VIC",Animalia,Chordata,Amphibia,Anura,Hylidae,
Litoria spenceri,Spotted Tree Frog,Critically Endangered,Present,,"NSW, VIC",Animalia,Chordata,Amphibia,Anura,Hylidae,
Litoria verreauxii alpina,"Alpine Tree Frog, Verreaux's Alpine Tree Frog",Vulnerable,Present,,"ACT, NSW, VIC",Animalia,Chordata,Amphibia,Anura,Hylidae,
Litoria watsoni,Watson's Tree Frog,Endangered,Present,,"NSW, VIC",Animalia,Chordata,Amphibia,Anura,Hylidae,
Lucasium occultum,"Yellow-snouted Gecko, Yellow-snouted Ground Gecko",Endangered,Endemic,,NT,Animalia,Chordata,Reptilia,Squamata,Diplodactylidae,
Maccullochella ikei,"Clarence River Cod, Eastern Freshwater Cod",Endangered,Endemic,,NSW,Animalia,Chordata,Actinopterygii,Perciformes,Percichthyidae,
Maccullochella macquariensis,Trout Cod,Endangered,Extinct,,SA,Animalia,Chordata,Actinopterygii,Perciformes,Percichthyidae,
Maccullochella macquariensis,Trout Cod,Endangered,Present,,"ACT, NSW, VIC",Animalia,Chordata,Actinopterygii,Perciformes,Percichthyidae,
Maccullochella mariensis,Mary River Cod,Endangered,Endemic,,QLD,Animalia,Chordata,Actinopterygii,Perciformes,Percichthyidae,
Maccullochella peelii,Murray Cod,Vulnerable,Present,,"ACT, NSW, QLD, SA, VIC",Animalia,Chordata,Actinopterygii,Perciformes,Percichthyidae,
Macquaria australasica,Macquarie Perch,Endangered,Extinct,,SA,Animalia,Chordata,Actinopterygii,Perciformes,Percichthyidae,
Macquaria australasica,Macquarie Perch,Endangered,Present,,"ACT, NSW, VIC",Animalia,Chordata,Actinopterygii,Perciformes,Percichthyidae,
Macroderma gigas,Ghost Bat,Vulnerable,Present,,"NT, QLD, SA, WA",Animalia,Chordata,Mammalia,Chiroptera,Megadermatidae,
Macronectes giganteus,"Southern Giant-Petrel, Southern Giant Petrel",Endangered,Present,,"AET, ANT, CSI, HI, NI, NSW, OCE, QLD, SA, TAS, TER, VIC, WA",Animalia,Chordata,Aves,Procellariiformes,Procellariidae,
Macronectes halli,Northern Giant Petrel,Vulnerable,Present,,"AET, ANT, CSI, HI, NI, NSW, OCE, QLD, SA, TAS, TER, VIC, WA",Animalia,Chordata,Aves,Procellariiformes,Procellariidae,
Macrotis lagotis,Greater Bilby,Vulnerable,Extinct,,NSW,Animalia,Chordata,Mammalia,Polyprotodonta,Thylacomyidae,
Macrotis lagotis,Greater Bilby,Vulnerable,Present,,"NT, QLD, SA, WA",Animalia,Chordata,Mammalia,Polyprotodonta,Thylacomyidae,
Macrotis leucura,"Yallara, Lesser Bilby, Djoonpi",Extinct,Extinct,,"NT, QLD, SA, WA",Animalia,Chordata,Mammalia,Polyprotodonta,Thylacomyidae,
Malurus coronatus coronatus,Purple-crowned Fairy-wren (western),Endangered,Present,,"NT, WA",Animalia,Chordata,Aves,Passeriformes,Maluridae,
Malurus leucopterus edouardi,"White-winged Fairy-wren (Barrow Island), Barrow Island Black-and-white Fairy-wren",Vulnerable,Endemic,,WA,Animalia,Chordata,Aves,Passeriformes,Maluridae,
Malurus leucopterus leucopterus,"White-winged Fairy-wren (Dirk Hartog Island), Dirk Hartog Black-and-White Fairy-wren",Vulnerable,Endemic,,WA,Animalia,Chordata,Aves,Passeriformes,Maluridae,
Manorina melanotis,Black-eared Miner,Endangered,Present,,"NSW, SA, VIC",Animalia,Chordata,Aves,Passeriformes,Meliphagidae,
Marginaster littoralis,Derwent River Seastar,Critically Endangered,Present,,TAS,Animalia,Echinodermata,Asteroidea,Valvatida,Poraniidae,
Mastacomys fuscus mordicus,"Broad-toothed Rat (mainland), Tooarrana",Vulnerable,Extinct,,SA,Animalia,Chordata,Mammalia,Rodentia,Muridae,
Mastacomys fuscus mordicus,"Broad-toothed Rat (mainland), Tooarrana",Vulnerable,Present,,"ACT, NSW, VIC",Animalia,Chordata,Mammalia,Rodentia,Muridae,
Mathewsoconcha grayi ms,Gray's Helicarionid Land Snail,Critically Endangered,Present,,"AET, NI",Animalia,Mollusca,Gastropoda,Pulmonata,Helicarionidae,
Mathewsoconcha phillipii,Phillip Island Helicarionid Land Snail,Critically Endangered,Present,,"AET, NI",Animalia,Mollusca,Gastropoda,Pulmonata,Helicarionidae,
Mathewsoconcha suteri,Suter's Striped Glass-snail,Critically Endangered,Present,,"AET, NI",Animalia,Mollusca,Gastropoda,Pulmonata,Helicarionidae,
Megascolides australis,Giant Gippsland Earthworm,Vulnerable,Endemic,,VIC,Animalia,Annelida,Oligochaeta,Haplotaxida,Megascolecidae,
Melanodryas cucullata melvillensis,"Tiwi Islands Hooded Robin, Hooded Robin (Tiwi Islands)",Critically Endangered,Endemic,,NT,Animalia,Chordata,Aves,Passeriformes,Petroicidae,
Melanotaenia eachamensis,Lake Eacham Rainbowfish,Endangered,Endemic,,QLD,Animalia,Chordata,Actinopterygii,Atheriniformes,Melanotaeniidae,
Melanotaenia sp. nov. 'Malanda',Malanda Rainbowfish,Critically Endangered,Endemic,,QLD,Animalia,Chordata,Actinopterygii,Atheriniformes,Melanotaeniidae,
Melithreptus brevirostris magnirostris,Kangaroo Island Brown-headed Honeyeater,Endangered,Endemic,,SA,Animalia,Chordata,Aves,Passeriformes,Meliphagidae,
Melomys rubicola,Bramble Cay Melomys,Extinct,Extinct,,QLD,Animalia,Chordata,Mammalia,Rodentia,Muridae,
Meridolum maryae,"Maroubra Woodland Snail, Maroubra Land Snail",Endangered,Endemic,,NSW,Animalia,Mollusca,Gastropoda,Pulmonata,Camaenidae,
Mesembriomys gouldii gouldii,"Black-footed Tree-rat (Kimberley and mainland Northern Territory), Djintamoonga, Manbul",Endangered,Present,,"NT, WA",Animalia,Chordata,Mammalia,Rodentia,Muridae,
Mesembriomys gouldii melvillensis,Black-footed Tree-rat (Melville Island),Vulnerable,Present,,NT,Animalia,Chordata,Mammalia,Rodentia,Muridae,
Mesembriomys gouldii rattoides,"Black-footed Tree-rat (north Queensland), Shaggy Rabbit-rat",Vulnerable,Present,,QLD,Animalia,Chordata,Mammalia,Rodentia,Muridae,
Mesodontrachia fitzroyana,Fitzroy Land Snail,Endangered,Endemic,,NT,Animalia,Mollusca,Gastropoda,Pulmonata,Camaenidae,
Micropathus kiernani,"Francistown Cave Cricket, Southern sandstone cave cricket",Critically Endangered,Present,,TAS,Animalia,Arthropoda,Insecta,Orthoptera,Rhaphidophoridae,
Milyeringa veritas,"Cape Range Cave Gudgeon, Blind Gudgeon",Vulnerable,Endemic,,WA,Animalia,Chordata,Actinopterygii,Perciformes,Eleotridae,
Miniopterus orianae bassanii,Southern Bent-wing Bat,Critically Endangered,Present,,"SA, VIC",Animalia,Chordata,Mammalia,Chiroptera,Miniopteridae,
Mirafra javanica melvillensis,Horsfield's Bushlark (Tiwi Islands),Vulnerable,Present,,NT,Animalia,Chordata,Aves,Passeriformes,Alaudidae,
Mirounga leonina,Southern Elephant Seal,Vulnerable,Present,,"AET, ANT, HI, OCE, SA, TAS",Animalia,Chordata,Mammalia,Pinnipedia,Phocidae,
Mirounga leonina,Southern Elephant Seal,Vulnerable,Vagrant,,"NSW, VIC, WA",Animalia,Chordata,Mammalia,Pinnipedia,Phocidae,
Mixophyes balbus,"Stuttering Frog, Southern Barred Frog (in Victoria)",Vulnerable,Present,,"NSW, QLD, VIC",Animalia,Chordata,Amphibia,Anura,Myobatrachidae,
Mixophyes fleayi,Fleay's Frog,Endangered,Present,,"NSW, QLD",Animalia,Chordata,Amphibia,Anura,Myobatrachidae,
Mixophyes iteratus,"Giant Barred Frog, Southern Barred Frog",Vulnerable,Present,,"NSW, QLD",Animalia,Chordata,Amphibia,Anura,Myobatrachidae,
Moggridgea rainbowi,Kangaroo Island Micro-trapdoor Spider,Endangered,Endemic,,SA,Animalia,Arthropoda,Arachnida,Araneae,Migidae,
Mogurnda clivicola,"Flinders Ranges Mogurnda, Flinders Ranges Purple-spotted Gudgeon",Vulnerable,Endemic,,SA,Animalia,Chordata,Actinopterygii,Perciformes,Eleotridae,
Myrmecobius fasciatus,Numbat,Endangered,Endemic,,WA,Animalia,Chordata,Mammalia,Polyprotodonta,Myrmecobiidae,
Myrmecobius fasciatus,Numbat,Endangered,Extinct,,NT,Animalia,Chordata,Mammalia,Polyprotodonta,Myrmecobiidae,
Myrmecobius fasciatus,Numbat,Endangered,Present,,"NSW, SA",Animalia,Chordata,Mammalia,Polyprotodonta,Myrmecobiidae,
Mystivagor mastersi,Masters' Charopid Land Snail,Critically Endangered,Present,,"AET, NSW",Animalia,Mollusca,Gastropoda,Pulmonata,Charopidae,
Nangura spinosa,Nangur Spiny Skink,Critically Endangered,Endemic,,QLD,Animalia,Chordata,Reptilia,Squamata,Scincidae,
Nannatherina balstoni,Balston's Pygmy Perch,Vulnerable,Endemic,,WA,Animalia,Chordata,Actinopterygii,Perciformes,Nannopercidae,
Nannoperca australis Murray-Darling Basin lineage,Southern Pygmy Perch (Murray-Darling Basin lineage),Vulnerable,Present,,"NSW, SA, VIC",Animalia,Chordata,Actinopterygii,Perciformes,Percichthyidae,
Nannoperca obscura,Yarra Pygmy Perch,Vulnerable,Present,,"SA, VIC",Animalia,Chordata,Actinopterygii,Perciformes,Percichthyidae,
Nannoperca oxleyana,Oxleyan Pygmy Perch,Endangered,Present,,"NSW, QLD",Animalia,Chordata,Actinopterygii,Perciformes,Percichthyidae,
Nannoperca pygmaea,Little Pygmy Perch,Endangered,Endemic,,WA,Animalia,Chordata,Actinopterygii,Perciformes,Percichthyidae,
Nannoperca variegata,"Variegated Pygmy Perch, Ewens Pygmy Perch, Golden Pygmy Perch",Vulnerable,Present,,"SA, VIC",Animalia,Chordata,Actinopterygii,Perciformes,Percichthyidae,
Natator depressus,Flatback Turtle,Vulnerable,Present,,"ACR, AET, CI, CKI, CSI, NI, NSW, NT, OCE, QLD, TER, WA",Animalia,Chordata,Reptilia,Testudines,Cheloniidae,
Neoceratodus forsteri,"Australian Lungfish, Queensland Lungfish",Vulnerable,Endemic,,QLD,Animalia,Chordata,Sarcopterygii,Ceratodontiformes,Ceratodontidae,
Neochmia phaeton evangelinae,"Crimson Finch (white-bellied), White-bellied Crimson Finch",Endangered,Endemic,,QLD,Animalia,Chordata,Aves,Passeriformes,Estrildidae,
Neochmia ruficauda ruficauda,"Star Finch (eastern), Star Finch (southern)",Endangered,Present,,"NSW, QLD",Animalia,Chordata,Aves,Passeriformes,Ploceidae,
Neopasiphae simplicior,A native bee,Critically Endangered,Endemic,,WA,Animalia,Arthropoda,Insecta,Hymenoptera,Colletidae,
Neophema chrysogaster,Orange-bellied Parrot,Critically Endangered,Present,,"NSW, OCE, SA, TAS, TER, VIC",Animalia,Chordata,Aves,Psittaciformes,Psittacidae,
Neophoca cinerea,"Australian Sea-lion, Australian Sea Lion",Endangered,Present,,"OCE, SA, WA",Animalia,Chordata,Mammalia,Pinnipedia,Otariidae,
Nesoptilotis leucotis thomasi,Kangaroo Island White-eared Honeyeater,Endangered,Endemic,,SA,Animalia,Chordata,Aves,Passeriformes,Meliphagidae,
Nestor productus,Norfolk Island Kaka,Extinct,Extinct,Norfolk Island,AET,Animalia,Chordata,Aves,Psittaciformes,Psittacidae,
Ninox natalis,"Christmas Island Hawk-Owl, Christmas Boobook ",Vulnerable,Endemic,Christmas Island,"AET, CI",Animalia,Chordata,Aves,Strigiformes,Strigidae,
Ninox novaeseelandiae albaria,"Lord Howe Southern Boobook, Lord Howe Boobook Owl",Extinct,Extinct,Lord Howe Island,NSW,Animalia,Chordata,Aves,Strigiformes,Strigidae,
Ninox novaeseelandiae undulata,"Norfolk Island Boobook, Norfolk Island Morepork, Southern Boobook (Norfolk Island)",Endangered,Endemic,Norfolk Island,"AET, NI",Animalia,Chordata,Aves,Strigiformes,Strigidae,
Notamacropus parma,Parma Wallaby,Vulnerable,Present,,NSW,Animalia,Chordata,Mammalia,Diprotodonta,Macropodidae,
Notechis scutatus ater,Krefft's Tiger Snake (Flinders Ranges),Vulnerable,Endemic,,SA,Animalia,Chordata,Reptilia,Squamata,Elapidae,
Notomys amplus,"Short-tailed Hopping-mouse, Yoontoo",Extinct,Extinct,,"NT, SA, WA",Animalia,Chordata,Mammalia,Rodentia,Muridae,
Notomys aquilo,"Northern Hopping-mouse, Woorrentinta",Endangered,Present,,"NT, QLD",Animalia,Chordata,Mammalia,Rodentia,Muridae,
Notomys fuscus,"Dusky Hopping-mouse, Wilkiniti",Vulnerable,Historic,,NT,Animalia,Chordata,Mammalia,Rodentia,Muridae,
Notomys fuscus,"Dusky Hopping-mouse, Wilkiniti",Vulnerable,Present,,"NSW, QLD, SA",Animalia,Chordata,Mammalia,Rodentia,Muridae,
Notomys longicaudatus,"Long-tailed Hopping-mouse, Koolawa, Talamba",Extinct,Extinct,,"NT, SA, WA",Animalia,Chordata,Mammalia,Rodentia,Muridae,
Notomys longicaudatus,"Long-tailed Hopping-mouse, Koolawa, Talamba",Extinct,Present,,NSW,Animalia,Chordata,Mammalia,Rodentia,Muridae,
Notomys macrotis,"Large-eared Hopping-mouse, Noompa, Big -eared Hopping-mouse",Extinct,Extinct,,WA,Animalia,Chordata,Mammalia,Rodentia,Muridae,
Notomys mordax,"Darling Downs Hopping-mouse, Payi",Extinct,Extinct,,"NSW, QLD",Animalia,Chordata,Mammalia,Rodentia,Muridae,
Notomys robustus,"Broad-cheeked Hopping-mouse, Great Hopping-mouse",Extinct,Extinct,,SA,Animalia,Chordata,Mammalia,Rodentia,Muridae,
Numenius madagascariensis,"Eastern Curlew, Far Eastern Curlew",Critically Endangered,Present,,"NSW, NT, OCE, QLD, SA, TAS, TER, VIC, WA",Animalia,Chordata,Aves,Charadriiformes,Scolopacidae,
Nyctophilus corbeni,"Corben's Long-eared Bat, South-eastern Long-eared Bat",Vulnerable,Present,,"NSW, QLD, SA, VIC",Animalia,Chordata,Mammalia,Chiroptera,Vespertilionidae,
Nyctophilus howensis,"Lord Howe Long-eared Bat, Lord Howe Island Bat",Extinct,Extinct,Lord Howe Island,NSW,Animalia,Chordata,Mammalia,Chiroptera,Vespertilionidae,
Ogyris subterrestris petrina,Arid Bronze Azure,Critically Endangered,Present,,WA,Animalia,Arthropoda,Insecta,Lepidoptera,Lycaenidae,
Onychogalea fraenata,"Bridled Nail-tail Wallaby, Bridled Nailtail Wallaby",Endangered,Endemic,,QLD,Animalia,Chordata,Mammalia,Diprotodonta,Macropodidae,
Onychogalea fraenata,"Bridled Nail-tail Wallaby, Bridled Nailtail Wallaby",Endangered,Extinct,,SA,Animalia,Chordata,Mammalia,Diprotodonta,Macropodidae,
Onychogalea fraenata,"Bridled Nail-tail Wallaby, Bridled Nailtail Wallaby",Endangered,Present,,VIC,Animalia,Chordata,Mammalia,Diprotodonta,Macropodidae,
Onychogalea fraenata,"Bridled Nail-tail Wallaby, Bridled Nailtail Wallaby",Endangered,Translocated,,NSW,Animalia,Chordata,Mammalia,Diprotodonta,Macropodidae,
Onychogalea lunata,"Crescent Nailtail Wallaby, Tjawalpa, Wurrung",Extinct,Extinct,,"NSW, NT, SA, WA",Animalia,Chordata,Mammalia,Diprotodonta,Macropodidae,
Ophidiocephalus taeniatus,Bronzeback Snake-lizard,Vulnerable,Present,,"NT, SA",Animalia,Chordata,Reptilia,Squamata,Pygopodidae,
Ophisternon candidum,Blind Cave Eel,Vulnerable,Present,,WA,Animalia,Chordata,Actinopterygii,Synbranchiformes,Synbranchidae,
Ordtrachia septentrionalis,Rosewood Keeled Snail,Critically Endangered,Present,,"NT, WA",Animalia,Mollusca,Gastropoda,Pulmonata,Camaenidae,
Oreisplanus munionga larana,"Marrawah Skipper, Alpine Sedge Skipper, Alpine Skipper",Vulnerable,Present,,TAS,Animalia,Arthropoda,Insecta,Lepidoptera,Hesperiidae,
Oreixenica ptunarra,"Ptunarra Brown, Ptunarra Brown Butterfly, Ptunarra Xenica",Endangered,Present,,TAS,Animalia,Arthropoda,Insecta,Lepidoptera,Nymphalidae,
Osphranter robustus isabellinus,"Barrow Island Wallaroo, Barrow Island Euro",Vulnerable,Endemic,,WA,Animalia,Chordata,Mammalia,Diprotodonta,Macropodidae,
Pachycephala pectoralis xanthoprocta,Golden Whistler (Norfolk Island),Vulnerable,Endemic,Norfolk Island,"AET, NI",Animalia,Chordata,Aves,Passeriformes,Pachycephalidae,
Pachycephala rufogularis,Red-lored Whistler,Vulnerable,Present,,"NSW, SA, VIC",Animalia,Chordata,Aves,Passeriformes,Pachycephalidae,
Pachyptila turtur subantarctica,Fairy Prion (southern),Vulnerable,Present,,"AET, OCE, TAS",Animalia,Chordata,Aves,Procellariiformes,Procellariidae,
Papasula abbotti,Abbott's Booby,Endangered,Endemic,,"AET, CI",Animalia,Chordata,Aves,Pelecaniformes,Sulidae,
Papasula abbotti,Abbott's Booby,Endangered,Present,,OCE,Animalia,Chordata,Aves,Pelecaniformes,Sulidae,
Paragalaxias dissimilis,Shannon Paragalaxias,Vulnerable,Endemic,,TAS,Animalia,Chordata,Actinopterygii,Salmoniformes,Galaxiidae,
Paragalaxias eleotroides,Great Lake Paragalaxias,Vulnerable,Endemic,,TAS,Animalia,Chordata,Actinopterygii,Salmoniformes,Galaxiidae,
Paragalaxias mesotes,Arthurs Paragalaxias,Endangered,Endemic,,TAS,Animalia,Chordata,Actinopterygii,Salmoniformes,Galaxiidae,
Paralucia pyrodiscus lucida,Eltham Copper Butterfly,Endangered,Present,,VIC,Animalia,Arthropoda,Insecta,Lepidoptera,Lycaenidae,
Paralucia spinifera,"Bathurst Copper Butterfly, Purple Copper Butterfly, Bathurst Copper, Bathurst Copper Wing, Bathurst-Lithgow Copper, Purple Copper",Vulnerable,Endemic,,NSW,Animalia,Arthropoda,Insecta,Lepidoptera,Lycaenidae,
Parantechinus apicalis,Dibbler,Endangered,Endemic,,WA,Animalia,Chordata,Mammalia,Polyprotodonta,Dasyuridae,
Pardalotus quadragintus,Forty-spotted Pardalote,Endangered,Endemic,,TAS,Animalia,Chordata,Aves,Passeriformes,Pardalotidae,
Parvulastra vivipara,Tasmanian Live-bearing Seastar,Vulnerable,Present,,TAS,Animalia,Echinodermata,Asteroidea,Valvatida,Asterinidae,
Pedionomus torquatus,Plains-wanderer,Critically Endangered,Present,,"NSW, NT, QLD, SA, VIC",Animalia,Chordata,Aves,Gruiformes,Pedionomidae,
Perameles bougainville bougainville,Western Barred Bandicoot (Shark Bay),Endangered,Endemic,,WA,Animalia,Chordata,Mammalia,Polyprotodonta,Peramelidae,
Perameles bougainville bougainville,Western Barred Bandicoot (Shark Bay),Endangered,Translocated,,SA,Animalia,Chordata,Mammalia,Polyprotodonta,Peramelidae,
Perameles bougainville fasciata,"Western Barred Bandicoot (eastern), Liverpool Plains Striped Bandicoot",Extinct,Extinct,,NSW,Animalia,Chordata,Mammalia,Polyprotodonta,Peramelidae,
Perameles eremiana,"Desert Bandicoot, Walilya",Extinct,Extinct,,"NT, SA, WA",Animalia,Chordata,Mammalia,Polyprotodonta,Peramelidae,
Perameles gunnii Victorian subspecies,Eastern Barred Bandicoot (Mainland),Endangered,Endemic,,VIC,Animalia,Chordata,Mammalia,Polyprotodonta,Peramelidae,
Perameles gunnii Victorian subspecies,Eastern Barred Bandicoot (Mainland),Endangered,Present,,SA,Animalia,Chordata,Mammalia,Polyprotodonta,Peramelidae,
Perameles gunnii gunnii,Eastern Barred Bandicoot (Tasmania),Vulnerable,Endemic,,TAS,Animalia,Chordata,Mammalia,Polyprotodonta,Peramelidae,
Perameles papillon,"Butterfly Bandicoot, Nullarbor Barred Bandicoot",Extinct,Extinct,,"SA, WA",Animalia,Chordata,Mammalia,Polyprotodonta,Peramelidae,
Petauroides minor,"Greater Glider (northern), Greater Glider (north-eastern Queensland)",Vulnerable,Present,,QLD,Animalia,Chordata,Mammalia,Diprotodonta,Pseudocheiridae,
Petauroides volans,Greater Glider (southern and central),Endangered,Present,,"ACT, NSW, QLD, VIC",Animalia,Chordata,Mammalia,Diprotodonta,Pseudocheiridae,
Petaurus australis Wet Tropics subspecies,"Yellow-bellied Glider (Wet Tropics), Fluffy Glider",Endangered,Endemic,,QLD,Animalia,Chordata,Mammalia,Diprotodonta,Petauridae,
Petaurus australis australis,Yellow-bellied Glider (south-eastern),Vulnerable,Present,,"ACT, NSW, QLD, VIC",Animalia,Chordata,Mammalia,Diprotodonta,Petauridae,
Petaurus gracilis,Mahogany Glider,Endangered,Endemic,,QLD,Animalia,Chordata,Mammalia,Diprotodonta,Petauridae,
Petrogale coenensis,Cape York Rock-wallaby,Endangered,Present,,QLD,Animalia,Chordata,Mammalia,Diprotodonta,Macropodidae,
Petrogale concinna canescens,Nabarlek (Top End),Endangered,Present,,NT,Animalia,Chordata,Mammalia,Diprotodonta,Macropodidae,
Petrogale concinna concinna,Nabarlek (Victoria River District),Critically Endangered,Endemic,,NT,Animalia,Chordata,Mammalia,Diprotodonta,Macropodidae,
Petrogale concinna monastria,Nabarlek (Kimberley),Endangered,Present,,WA,Animalia,Chordata,Mammalia,Diprotodonta,Macropodidae,
Petrogale lateralis hacketti,Recherche Rock-wallaby,Vulnerable,Present,,WA,Animalia,Chordata,Mammalia,Diprotodonta,Macropodidae,
Petrogale lateralis lateralis,"Black-flanked Rock-wallaby, Moororong, Black-footed Rock Wallaby",Endangered,Endemic,,WA,Animalia,Chordata,Mammalia,Diprotodonta,Macropodidae,
Petrogale penicillata,Brush-tailed Rock-wallaby,Vulnerable,Extinct,,ACT,Animalia,Chordata,Mammalia,Diprotodonta,Macropodidae,
Petrogale penicillata,Brush-tailed Rock-wallaby,Vulnerable,Present,,"NSW, QLD, VIC",Animalia,Chordata,Mammalia,Diprotodonta,Macropodidae,
Petrogale persephone,Proserpine Rock-wallaby,Endangered,Endemic,,QLD,Animalia,Chordata,Mammalia,Diprotodonta,Macropodidae,
Petrogale sharmani,"Mount Claro Rock Wallaby, Sharman's Rock Wallaby",Vulnerable,Present,,QLD,Animalia,Chordata,Mammalia,Diprotodonta,Macropodidae,
Petrogale xanthopus celeris,Yellow-footed Rock-wallaby (central-western Queensland),Vulnerable,Present,,QLD,Animalia,Chordata,Mammalia,Diprotodonta,Macropodidae,
Petrogale xanthopus xanthopus,Yellow-footed Rock-wallaby (SA and NSW),Vulnerable,Present,,"NSW, SA",Animalia,Chordata,Mammalia,Diprotodonta,Macropodidae,
Petroica multicolor,"Norfolk Island Robin, Pacific Robin",Vulnerable,Present,,NI,Animalia,Chordata,Aves,Passeriformes,Petroicidae,
Pezoporus flaviventris,"Western Ground Parrot, Kyloring",Critically Endangered,Endemic,,WA,Animalia,Chordata,Aves,Psittaciformes,Psittacidae,
Pezoporus occidentalis,Night Parrot,Endangered,Present,,"NSW, NT, QLD, SA, WA",Animalia,Chordata,Aves,Psittaciformes,Psittacidae,
Phaethon lepturus fulvus,"Christmas Island White-tailed Tropicbird, Golden Bosunbird",Endangered,Endemic,Christmas Island,"AET, CI",Animalia,Chordata,Aves,Pelecaniformes,Phaethontidae,
Phaethon lepturus fulvus,"Christmas Island White-tailed Tropicbird, Golden Bosunbird",Endangered,Present,,OCE,Animalia,Chordata,Aves,Pelecaniformes,Phaethontidae,
Phascogale calura,"Red-tailed Phascogale, Red-tailed Wambenger, Kenngoor",Vulnerable,Endemic,,WA,Animalia,Chordata,Mammalia,Polyprotodonta,Dasyuridae,
Phascogale calura,"Red-tailed Phascogale, Red-tailed Wambenger, Kenngoor",Vulnerable,Present,,"NSW, NT, SA, VIC",Animalia,Chordata,Mammalia,Polyprotodonta,Dasyuridae,
Phascogale pirata,Northern Brush-tailed Phascogale,Vulnerable,Present,,NT,Animalia,Chordata,Mammalia,Polyprotodonta,Dasyuridae,
Phascogale tapoatafa kimberleyensis,"Kimberley brush-tailed phascogale, Brush-tailed Phascogale (Kimberley)",Vulnerable,Endemic,,WA,Animalia,Chordata,Mammalia,Polyprotodonta,Dasyuridae,
"Phascolarctos cinereus (combined populations of Qld, NSW and the ACT)","Koala (combined populations of Queensland, New South Wales and the Australian Capital Territory)",Endangered,Present,,"ACT, NSW, QLD, TER",Animalia,Chordata,Mammalia,Diprotodonta,Phascolarctidae,
Philoria frosti,Baw Baw Frog,Critically Endangered,Endemic,,VIC,Animalia,Chordata,Amphibia,Anura,Limnodynastidae,
Philoria kundagungan,Mountain Frog,Endangered,Present,,"NSW, QLD",Animalia,Chordata,Amphibia,Anura,Limnodynastidae,
Philoria richmondensis,Richmond Range Sphagnum Frog,Endangered,Present,,NSW,Animalia,Chordata,Amphibia,Anura,Limnodynastidae,
Phoebetria fusca,Sooty Albatross,Vulnerable,Present,,"ANT, HI, NSW, OCE, QLD, SA, TAS, VIC, WA",Animalia,Chordata,Aves,Procellariiformes,Diomedeidae,
Phyllodes imperialis smithersi,Pink Underwing Moth,Endangered,Present,,"NSW, QLD",Animalia,Arthropoda,Insecta,Lepidoptera,Noctuidae,
Phyllurus gulbaru,Gulbaru Gecko,Critically Endangered,Present,,QLD,Animalia,Chordata,Reptilia,Squamata,Gekkonidae,
Pipistrellus murrayi,Christmas Island Pipistrelle,Extinct,Endemic,Christmas Island,"AET, CI",Animalia,Chordata,Mammalia,Chiroptera,Vespertilionidae,
Placostylus bivaricosus,"Lord Howe Flax Snail, Lord Howe Placostylus",Endangered,Endemic,Lord Howe Island,NSW,Animalia,Mollusca,Gastropoda,Pulmonata,Bulimulidae,
Platycercus caledonicus brownii,Green Rosella (King Island),Vulnerable,Present,,TAS,Animalia,Chordata,Aves,Psittaciformes,Psittacidae,
Platycercus elegans melanopterus,Kangaroo Island Crimson Rosella,Vulnerable,Endemic,,SA,Animalia,Chordata,Aves,Psittaciformes,Psittacidae,
Poephila cincta cincta,Southern Black-throated Finch,Endangered,Present,,"NSW, QLD",Animalia,Chordata,Aves,Passeriformes,Passeridae,
Polytelis alexandrae,"Princess Parrot, Alexandra's Parrot",Vulnerable,Present,,"NT, SA, WA",Animalia,Chordata,Aves,Psittaciformes,Psittacidae,
Polytelis anthopeplus monarchoides,Regent Parrot (eastern),Vulnerable,Present,,"NSW, SA, VIC",Animalia,Chordata,Aves,Psittaciformes,Psittacidae,
Polytelis swainsonii,Superb Parrot,Vulnerable,Present,,"ACT, NSW, VIC",Animalia,Chordata,Aves,Psittaciformes,Psittacidae,
Pommerhelix duralensis,Dural Land Snail,Endangered,Endemic,,NSW,Animalia,Mollusca,Gastropoda,Pulmonata,Camaenidae,
Porphyrio albus,White Gallinule,Extinct,Extinct,,NSW,Animalia,Chordata,Aves,Gruiformes,Rallidae,
Potorous gilbertii,"Gilbert's Potoroo, Ngilkat",Critically Endangered,Present,,WA,Animalia,Chordata,Mammalia,Diprotodonta,Potoroidae,
Potorous longipes,Long-footed Potoroo,Endangered,Present,,"NSW, VIC",Animalia,Chordata,Mammalia,Diprotodonta,Potoroidae,
Potorous platyops,"Broad-faced Potoroo, Moda",Extinct,Extinct,,WA,Animalia,Chordata,Mammalia,Diprotodonta,Potoroidae,
Potorous tridactylus tridactylus,Long-nosed Potoroo (northern),Vulnerable,Present,,"NSW, QLD, TER",Animalia,Chordata,Mammalia,Diprotodonta,Potoroidae,
Potorous tridactylus trisulcatus,Long-nosed Potoroo (southern mainland),Vulnerable,Present,,"NSW, SA, VIC",Animalia,Chordata,Mammalia,Diprotodonta,Potoroidae,
Pristis clavata,"Dwarf Sawfish, Queensland Sawfish",Vulnerable,Present,,"NT, OCE, QLD, WA",Animalia,Chordata,Chondrichthyes,Rajiformes,Pristidae,
Pristis pristis,"Freshwater Sawfish, Largetooth Sawfish, River Sawfish, Leichhardt's Sawfish, Northern Sawfish",Vulnerable,Present,,"NT, OCE, QLD, WA",Animalia,Chordata,Chondrichthyes,Rajiformes,Pristidae,
Pristis zijsron,"Green Sawfish, Dindagubba, Narrowsnout Sawfish",Vulnerable,Present,,"NSW, NT, OCE, QLD, WA",Animalia,Chordata,Chondrichthyes,Rajiformes,Pristidae,
Probosciger aterrimus macgillivrayi,Palm Cockatoo (Australian),Vulnerable,Present,,QLD,Animalia,Chordata,Aves,Psittaciformes,Cacatuidae,
Prototroctes maraena,Australian Grayling,Vulnerable,Present,,"NSW, OCE, SA, TAS, TER, VIC",Animalia,Chordata,Actinopterygii,Salmoniformes,Retropinnidae,
Psephotus chrysopterygius,"Golden-shouldered Parrot, Alwal, Thaku, Arrmorral, Minpin",Endangered,Endemic,,QLD,Animalia,Chordata,Aves,Psittaciformes,Psittacidae,
Psephotus pulcherrimus,Paradise Parrot,Extinct,Extinct,,"NSW, QLD",Animalia,Chordata,Aves,Psittaciformes,Psittacidae,
Pseudemydura umbrina,Western Swamp Tortoise,Critically Endangered,Endemic,,WA,Animalia,Chordata,Reptilia,Testudines,Chelidae,
Pseudocharopa ledgbirdi,Mount Lidgbird Charopid Land Snail,Critically Endangered,Present,,"AET, NSW",Animalia,Mollusca,Gastropoda,Pulmonata,Charopidae,
Pseudocharopa whiteleggei,Whitelegge's Land Snail,Critically Endangered,Present,,"AET, NSW",Animalia,Mollusca,Gastropoda,Pulmonata,Charopidae,
Pseudocheirus occidentalis,"Western Ringtail Possum, Ngwayir, Womp, Woder, Ngoor, Ngoolangit",Critically Endangered,Endemic,,WA,Animalia,Chordata,Mammalia,Diprotodonta,Pseudocheiridae,
Pseudococcus markharveyi,Banksia montana mealybug,Critically Endangered,Present,,WA,Animalia,Arthropoda,Insecta,Hemiptera,Pseudococcidae,
Pseudomugil mellis,"Honey Blue Eye, Honey Blue-eye",Vulnerable,Endemic,,QLD,Animalia,Chordata,Actinopterygii,Atheriniformes,Pseudomugilidae,
Pseudomys auritus,Long-eared Mouse,Extinct,Extinct,,"SA, VIC",Animalia,Chordata,Mammalia,Rodentia,Muridae,
Pseudomys australis,"Plains Rat, Palyoora, Plains Mouse",Vulnerable,Present,,"NSW, NT, QLD, SA, WA",Animalia,Chordata,Mammalia,Rodentia,Muridae,
Pseudomys fieldi,"Shark Bay Mouse, Djoongari, Alice Springs Mouse",Vulnerable,Endemic,,WA,Animalia,Chordata,Mammalia,Rodentia,Muridae,
Pseudomys fieldi,"Shark Bay Mouse, Djoongari, Alice Springs Mouse",Vulnerable,Present,,"NT, SA",Animalia,Chordata,Mammalia,Rodentia,Muridae,
Pseudomys fumeus,"Smoky Mouse, Konoom",Endangered,Present,,"ACT, NSW, SA, VIC",Animalia,Chordata,Mammalia,Rodentia,Muridae,
Pseudomys glaucus,Blue-grey Mouse,Extinct,Extinct,,"NSW, QLD",Animalia,Chordata,Mammalia,Rodentia,Muridae,
Pseudomys gouldii,"Gould's Mouse, Koontin",Extinct,Extinct,,"NSW, QLD, SA, VIC, WA",Animalia,Chordata,Mammalia,Rodentia,Muridae,
Pseudomys novaehollandiae,"New Holland Mouse, Pookila",Vulnerable,Present,,"NSW, QLD, TAS, TER, VIC",Animalia,Chordata,Mammalia,Rodentia,Muridae,
Pseudomys oralis,"Hastings River Mouse, Koontoo",Endangered,Present,,"NSW, QLD",Animalia,Chordata,Mammalia,Rodentia,Muridae,
Pseudomys pilligaensis,"Pilliga Mouse, Poolkoo",Vulnerable,Endemic,,NSW,Animalia,Chordata,Mammalia,Rodentia,Muridae,
Pseudomys shortridgei,"Heath Mouse, Dayang, Heath Rat",Endangered,Present,,"SA, VIC, WA",Animalia,Chordata,Mammalia,Rodentia,Muridae,
Pseudophryne corroboree,Southern Corroboree Frog,Critically Endangered,Endemic,,NSW,Animalia,Chordata,Amphibia,Anura,Myobatrachidae,
Pseudophryne covacevichae,Magnificent Brood Frog,Vulnerable,Endemic,,QLD,Animalia,Chordata,Amphibia,Anura,Myobatrachidae,
Pseudophryne pengilleyi,Northern Corroboree Frog,Critically Endangered,Present,,"ACT, NSW",Animalia,Chordata,Amphibia,Anura,Myobatrachidae,
Psophodes nigrogularis nigrogularis,Western Heath Whipbird ,Endangered,Endemic,,WA,Animalia,Chordata,Aves,Passeriformes,Psophodidae,
Pterodroma arminjoniana,"Round Island Petrel, Trinidade Petrel",Critically Endangered,Present,,OCE,Animalia,Chordata,Aves,Procellariiformes,Procellariidae,
Pterodroma heraldica,Herald Petrel,Critically Endangered,Present,,"AET, CSI, OCE, QLD",Animalia,Chordata,Aves,Procellariiformes,Procellariidae,
Pterodroma leucoptera leucoptera,"Gould's Petrel, Australian Gould's Petrel",Endangered,Present,,"CSI, NI, NSW, OCE, QLD, SA, TAS, TER, VIC",Animalia,Chordata,Aves,Procellariiformes,Procellariidae,
Pterodroma mollis,Soft-plumaged Petrel,Vulnerable,Present,,"AET, ANT, HI, OCE, SA, TAS, VIC, WA",Animalia,Chordata,Aves,Procellariiformes,Procellariidae,
Pterodroma neglecta neglecta,Kermadec Petrel (western),Vulnerable,Present,Norfolk Island,"AET, CSI, NI, NSW, OCE, QLD, TER",Animalia,Chordata,Aves,Procellariiformes,Procellariidae,
Pteropus brunneus,"Percy Island Flying-fox, Dusky Fruit Bat",Extinct,Present,,QLD,Animalia,Chordata,Mammalia,Chiroptera,Pteropodidae,
Pteropus conspicillatus,Spectacled Flying-fox,Endangered,Endemic,,QLD,Animalia,Chordata,Mammalia,Chiroptera,Pteropodidae,
Pteropus natalis,"Christmas Island Flying-fox, Christmas Island Fruit-bat",Critically Endangered,Endemic,,CI,Animalia,Chordata,Mammalia,Chiroptera,Pteropodidae,
Pteropus poliocephalus,Grey-headed Flying-fox,Vulnerable,Present,,"ACT, NSW, QLD, SA, TER, VIC",Animalia,Chordata,Mammalia,Chiroptera,Pteropodidae,
Pycnoptilus floccosus,Pilotbird,Vulnerable,Present,,"ACT, NSW, TER, VIC",Animalia,Chordata,Aves,Passeriformes,Acanthizidae,
Quintalia stoddartii,Stoddart's Helicarionid Land Snail,Critically Endangered,Present,,"AET, NI",Animalia,Mollusca,Gastropoda,Pulmonata,Helicarionidae,
Ramphotyphlops exocoeti,"Christmas Island Blind Snake, Christmas Island Pink Blind Snake",Vulnerable,Endemic,Christmas Island,"AET, CI",Animalia,Chordata,Reptilia,Squamata,Typhlopidae,
Rattus macleari,"Maclear's Rat, Christmas Island Rat",Extinct,Extinct,Christmas Island,AET,Animalia,Chordata,Mammalia,Rodentia,Muridae,
Rattus nativitatis,"Bulldog Rat, Christmas Island Burrowing Rat",Extinct,Extinct,Christmas Island,AET,Animalia,Chordata,Mammalia,Rodentia,Muridae,
Rexea solandri (eastern Australian population),Eastern Gemfish,Conservation Dependent,Present,,"NSW, OCE, QLD, TAS",Animalia,Chordata,Actinopterygii,Perciformes,Gempylidae,
Rheobatrachus silus,Southern Gastric-brooding Frog,Extinct,Extinct,,QLD,Animalia,Chordata,Amphibia,Anura,Myobatrachidae,
Rheobatrachus vitellinus,"Northern Gastric-brooding Frog, Eungella Gastric-brooding Frog",Extinct,Extinct,,QLD,Animalia,Chordata,Amphibia,Anura,Myobatrachidae,
Rheodytes leukops,"Fitzroy River Turtle, Fitzroy Tortoise, Fitzroy Turtle, White-eyed River Diver",Vulnerable,Endemic,,QLD,Animalia,Chordata,Reptilia,Testudines,Chelidae,
Rhincodon typus,Whale Shark,Vulnerable,Present,,"ACR, AET, CI, CSI, NSW, NT, OCE, QLD, TAS, TER, VIC, WA",Animalia,Chordata,Chondrichthyes,Orectolobiformes,Rhincodontidae,
Rhinolophus robertsi,"Large-eared Horseshoe Bat, Greater Large-eared Horseshoe Bat",Vulnerable,Present,,QLD,Animalia,Chordata,Mammalia,Chiroptera,Rhinolophidae,
Rhinonicteris aurantia (Pilbara form),Pilbara Leaf-nosed Bat,Vulnerable,Endemic,,WA,Animalia,Chordata,Mammalia,Chiroptera,Rhinonycteridae,
Rhipidura fuliginosa cervina,"Lord Howe Grey Fantail, Grey Fantail (Lord Howe Island)",Extinct,Extinct,,NSW,Animalia,Chordata,Aves,Passeriformes,Muscicapidae,
Rostratula australis,Australian Painted Snipe,Endangered,Present,,"ACT, NSW, NT, QLD, SA, TER, VIC, WA",Animalia,Chordata,Aves,Charadriiformes,Rostratulidae,
Rostratula australis,Australian Painted Snipe,Endangered,Vagrant,,TAS,Animalia,Chordata,Aves,Charadriiformes,Rostratulidae,
Saccolaimus saccolaimus nudicluniatus,"Bare-rumped Sheath-tailed Bat, Bare-rumped Sheathtail Bat",Vulnerable,Present,,"NT, QLD, WA",Animalia,Chordata,Mammalia,Chiroptera,Emballonuridae,
Sarcophilus harrisii,Tasmanian Devil,Endangered,Endemic,,TAS,Animalia,Chordata,Mammalia,Polyprotodonta,Dasyuridae,
Scaturiginichthys vermeilipinnis,"Redfin Blue Eye, Redfin Blue-eye",Endangered,Endemic,,QLD,Animalia,Chordata,Actinopterygii,Atheriniformes,Pseudomugilidae,
Semotrachia euzyga,a land snail,Endangered,Endemic,,NT,Animalia,Mollusca,Gastropoda,Pulmonata,Camaenidae,
Seriolella brama,Blue Warehou,Conservation Dependent,Present,,"NSW, OCE, QLD, SA, TAS, VIC, WA",Animalia,Chordata,Actinopterygii,Perciformes,Centrolophidae,
Setonix brachyurus,Quokka,Vulnerable,Endemic,,WA,Animalia,Chordata,Mammalia,Diprotodonta,Macropodidae,
Sinumelon bednalli,Bednall's Land Snail,Endangered,Endemic,,NT,Animalia,Mollusca,Gastropoda,Pulmonata,Camaenidae,
Sminthopsis butleri,Butler's Dunnart,Vulnerable,Present,,"NT, WA",Animalia,Chordata,Mammalia,Polyprotodonta,Dasyuridae,
Sminthopsis douglasi,Julia Creek Dunnart,Vulnerable,Endemic,,QLD,Animalia,Chordata,Mammalia,Polyprotodonta,Dasyuridae,
Sminthopsis psammophila,Sandhill Dunnart,Endangered,Present,,"NT, SA, WA",Animalia,Chordata,Mammalia,Polyprotodonta,Dasyuridae,
Sphyrna lewini,Scalloped Hammerhead,Conservation Dependent,Present,,"ACR, CI, CKI, CSI, NI, NSW, NT, OCE, QLD, TER, WA",Animalia,Chordata,Chondrichthyes,Chimaeiformes,Sphyrnidae,
Spicospina flammocaerulea,Sunset Frog,Vulnerable,Endemic,,WA,Animalia,Chordata,Amphibia,Anura,Myobatrachidae,
Stagonopleura bella samueli,"Western Beautiful Firetail, Beautiful Firetail (Mt Lofty Range and Kangaroo Island)",Endangered,Endemic,,SA,Animalia,Chordata,Aves,Passeriformes,Estrildidae,
Sterna vittata bethunei,"New Zealand Antarctic Tern, Antarctic Tern (New Zealand)",Endangered,Present,,"OCE, TAS",Animalia,Chordata,Aves,Charadriiformes,Laridae,
Sterna vittata vittata,Antarctic Tern (Indian Ocean),Vulnerable,Present,,"AET, ANT, HI, OCE",Animalia,Chordata,Aves,Charadriiformes,Laridae,
Sternula nereis nereis,Australian Fairy Tern,Vulnerable,Present,,"NSW, OCE, SA, TAS, TER, VIC, WA",Animalia,Chordata,Aves,Charadriiformes,Laridae,
Stiphodon semoni,Opal Cling Goby,Critically Endangered,Present,,QLD,Animalia,Chordata,Actinopterygii,Perciformes,Gobiidae,
Stipiturus malachurus halmaturinus,Kangaroo Island Southern Emu-wren,Endangered,Endemic,,SA,Animalia,Chordata,Aves,Passeriformes,Maluridae,
Stipiturus malachurus intermedius,"Fleurieu Peninsula Southern Emu-wren, Mount Lofty Southern Emu-wren",Endangered,Endemic,,SA,Animalia,Chordata,Aves,Passeriformes,Maluridae,
Stipiturus malachurus parimeda,Southern Emu-wren (Eyre Peninsula),Vulnerable,Endemic,,SA,Animalia,Chordata,Aves,Passeriformes,Maluridae,
Stipiturus mallee,Mallee Emu-wren,Endangered,Present,,"NSW, SA, VIC",Animalia,Chordata,Aves,Passeriformes,Maluridae,
Strepera fuliginosa colei,Black Currawong (King Island),Vulnerable,Endemic,,TAS,Animalia,Chordata,Aves,Passeriformes,Artamidae,
Strepera graculina crissalis,"Lord Howe Island Currawong, Pied Currawong (Lord Howe Island)",Vulnerable,Present,Lord Howe Island,NSW,Animalia,Chordata,Aves,Passeriformes,Artamidae,
Synemon plana,Golden Sun Moth,Vulnerable,Present,,"ACT, NSW, VIC",Animalia,Arthropoda,Insecta,Lepidoptera,Castniidae,
Tachyglossus aculeatus multiaculeatus,Kangaroo Island Echidna,Endangered,Endemic,,SA,Animalia,Chordata,Mammalia,Monotremata,Tachyglossidae,
Taudactylus acutirostris,"Sharp-snouted Day Frog, Sharp-snouted Torrent Frog",Extinct,Extinct,,QLD,Animalia,Chordata,Amphibia,Anura,Myobatrachidae,
Taudactylus diurnus,"Southern Day Frog, Mt Glorious Torrent Frog",Extinct,Extinct,,QLD,Animalia,Chordata,Amphibia,Anura,Myobatrachidae,
Taudactylus eungellensis,Eungella Day Frog,Endangered,Endemic,,QLD,Animalia,Chordata,Amphibia,Anura,Myobatrachidae,
Taudactylus pleione,"Kroombit Tinker Frog, Pleione's Torrent Frog",Critically Endangered,Endemic,,QLD,Animalia,Chordata,Amphibia,Anura,Myobatrachidae,
Taudactylus rheophilus,Tinkling Frog,Critically Endangered,Endemic,,QLD,Animalia,Chordata,Amphibia,Anura,Myobatrachidae,
Thalassarche bulleri,"Buller's Albatross, Pacific Albatross",Vulnerable,Present,,"CSI, NI, NSW, OCE, QLD, SA, TAS, TER, VIC",Animalia,Chordata,Aves,Procellariiformes,Diomedeidae,
Thalassarche bulleri platei,"Northern Buller's Albatross, Pacific Albatross",Vulnerable,Present,,"NSW, OCE, SA, TAS, VIC",Animalia,Chordata,Aves,Procellariiformes,Diomedeidae,
Thalassarche carteri,Indian Yellow-nosed  Albatross,Vulnerable,Present,,"OCE, QLD, SA, VIC, WA",Animalia,Chordata,Aves,Procellariiformes,Diomedeidae,
Thalassarche cauta,Shy Albatross,Endangered,Present,,"CSI, NSW, OCE, QLD, SA, TAS, TER, VIC, WA",Animalia,Chordata,Aves,Procellariiformes,Diomedeidae,
Thalassarche chrysostoma,Grey-headed Albatross,Endangered,Present,,"AET, ANT, HI, NSW, OCE, QLD, SA, TAS, VIC, WA",Animalia,Chordata,Aves,Procellariiformes,Diomedeidae,
Thalassarche eremita,Chatham Albatross,Endangered,Present,,"CSI, NI, NSW, OCE, QLD, TAS, TER, VIC",Animalia,Chordata,Aves,Procellariiformes,Diomedeidae,
Thalassarche impavida,"Campbell Albatross, Campbell Black-browed Albatross",Vulnerable,Present,,"ANT, NI, NSW, OCE, QLD, SA, TAS, TER, VIC, WA",Animalia,Chordata,Aves,Procellariiformes,Diomedeidae,
Thalassarche melanophris,Black-browed Albatross,Vulnerable,Present,,"AET, ANT, CSI, HI, NI, NSW, OCE, QLD, SA, TAS, TER, VIC, WA",Animalia,Chordata,Aves,Procellariiformes,Diomedeidae,
Thalassarche salvini,Salvin's Albatross,Vulnerable,Present,,"NI, NSW, OCE, QLD, SA, TAS, TER, VIC",Animalia,Chordata,Aves,Procellariiformes,Diomedeidae,
Thalassarche steadi,White-capped Albatross,Vulnerable,Present,,"ANT, CSI, HI, NI, NSW, OCE, QLD, SA, TAS, TER, VIC, WA",Animalia,Chordata,Aves,Procellariiformes,Diomedeidae,
Thaumatoperla alpina,Alpine Stonefly,Endangered,Present,,VIC,Animalia,Arthropoda,Insecta,Plecoptera,Eustheniidae,
Thersites mitchellae,Mitchell's Rainforest Snail,Critically Endangered,Endemic,,NSW,Animalia,Mollusca,Gastropoda,Pulmonata,Camaenidae,
Thunnus maccoyii,Southern Bluefin Tuna,Conservation Dependent,Present,,"ACR, CI, CSI, NI, NSW, OCE, QLD, SA, TAS, TER, VIC, WA",Animalia,Chordata,Actinopterygii,Perciformes,Scombridae,
Thylacinus cynocephalus,"Thylacine, Tasmanian Tiger",Extinct,Extinct,,TAS,Animalia,Chordata,Mammalia,Polyprotodonta,Thylacinidae,
Thymichthys politus,Red Handfish,Critically Endangered,Endemic,,TAS,Animalia,Chordata,Actinopterygii,Lophiiformes,Brachionichthyidae,
Thymichthys politus,Red Handfish,Critically Endangered,Present,,OCE,Animalia,Chordata,Actinopterygii,Lophiiformes,Brachionichthyidae,
Tiliqua adelaidensis,"Pygmy Blue-tongue Lizard, Adelaide Blue-tongue Lizard",Endangered,Endemic,,SA,Animalia,Chordata,Reptilia,Squamata,Scincidae,
Trichosurus vulpecula arnhemensis,Northern Brushtail Possum,Vulnerable,Present,,"NT, WA",Animalia,Chordata,Mammalia,Diprotodonta,Phalangeridae,
Trioza barrettae,Banksia brownii plant louse,Endangered,Present,,WA,Animalia,Arthropoda,Insecta,Hemiptera,Triozidae,
Trisyntopa scatophaga,Antbed Parrot Moth,Endangered,Present,,QLD,Animalia,Arthropoda,Insecta,Lepidoptera,Oecophoridae,
Turdus poliocephalus erythropleurus,Christmas Island Thrush,Endangered,Endemic,Christmas Island,"AET, CI",Animalia,Chordata,Aves,Passeriformes,Muscicapidae,
Turdus poliocephalus poliocephalus,"Grey-headed Blackbird, Norfolk Island Thrush",Extinct,Extinct,Norfolk Island,"AET, NI",Animalia,Chordata,Aves,Passeriformes,Muscicapidae,
Turdus poliocephalus vinitinctus,"Lord Howe Thrush, Vinous-tinted Thrush",Extinct,Extinct,,NSW,Animalia,Chordata,Aves,Passeriformes,Muscicapidae,
Turnix melanogaster,Black-breasted Button-quail,Vulnerable,Present,,"NSW, QLD",Animalia,Chordata,Aves,Gruiformes,Turnicidae,
Turnix olivii,Buff-breasted Button-quail,Endangered,Endemic,,QLD,Animalia,Chordata,Aves,Gruiformes,Turnicidae,
Turnix varius scintillans,Painted Button-quail (Houtman Abrolhos),Vulnerable,Endemic,,WA,Animalia,Chordata,Aves,Gruiformes,Turnicidae,
Tympanocryptis condaminensis,Condamine Earless Dragon,Endangered,Present,,QLD,Animalia,Chordata,Reptilia,Squamata,Agamidae,
Tympanocryptis pinguicolla,Victorian Grassland Earless Dragon,Endangered,Present,,"ACT, NSW, VIC",Animalia,Chordata,Reptilia,Squamata,Agamidae,
Tyto novaehollandiae castanops (Tasmanian population),Masked Owl (Tasmanian),Vulnerable,Endemic,,TAS,Animalia,Chordata,Aves,Strigiformes,Tytonidae,
Tyto novaehollandiae kimberli,Masked Owl (northern),Vulnerable,Present,,"NT, QLD, WA",Animalia,Chordata,Aves,Strigiformes,Tytonidae,
Tyto novaehollandiae melvillensis,"Tiwi Masked Owl, Tiwi Islands Masked Owl",Endangered,Endemic,,NT,Animalia,Chordata,Aves,Strigiformes,Tytonidae,
Uperoleia daviesae,"Howard River Toadlet, Davies's Toadlet",Vulnerable,Present,,NT,Animalia,Chordata,Amphibia,Anura,Myobatrachidae,
Uperoleia mahonyi,Mahony's Toadlet,Endangered,Endemic,,NSW,Animalia,Chordata,Amphibia,Anura,Myobatrachidae,
Uvidicolus sphyrurus,"Border Thick-tailed Gecko, Granite Belt Thick-tailed Gecko",Vulnerable,Present,,"NSW, QLD",Animalia,Chordata,Reptilia,Squamata,Carphodactylidae,
Westralunio carteri,"Carter's Freshwater Mussel, Freshwater Mussel",Vulnerable,Present,,WA,Animalia,Mollusca,Bivalvia,Unionida,Hyriidae,
Wollumbinia belli,"Bell's Turtle, Western Sawshell Turtle, Namoi River Turtle, Bell's Saw-shelled Turtle",Vulnerable,Present,,"NSW, QLD",Animalia,Chordata,Reptilia,Testudines,Chelidae,
Wollumbinia georgesi,"Georges' Snapping Turtle, Bellinger River Sawshell Turtle, Georges Helmeted Turtle",Critically Endangered,Endemic,,NSW,Animalia,Chordata,Reptilia,Testudines,Chelidae,
Xeromys myoides,"Water Mouse, False Water Rat, Yirrkoo",Vulnerable,Present,,"NSW, NT, QLD, WA",Animalia,Chordata,Mammalia,Rodentia,Muridae,
Zearaja maugeana,"Maugean Skate, Port Davey Skate",Endangered,Endemic,,TAS,Animalia,Chordata,Chondrichthyes,Rajiformes,Rajidae,
Zephyrarchaea austini,Kangaroo Island Assassin Spider,Critically Endangered,Endemic,,SA,Animalia,Arthropoda,Arachnida,Araneae,Archaeidae,
Zoothera lunulata halmaturina,"South Australian Bassian Thrush, Western Bassian Thrush",Endangered,Endemic,,SA,Animalia,Chordata,Aves,Passeriformes,Turdidae,
Zosterops albogularis,"White-chested White-eye, Norfolk Island Silvereye",Extinct,Extinct,Norfolk Island,"AET, NI",Animalia,Chordata,Aves,Passeriformes,Zosteropidae,
Zosterops strenuus,Robust White-eye,Extinct,Extinct,Lord Howe Island,NSW,Animalia,Chordata,Aves,Passeriformes,Zosteropidae,
Zyzomys maini,"Arnhem Rock-rat, Arnhem Land Rock-rat, Kodjperr",Vulnerable,Endemic,,NT,Animalia,Chordata,Mammalia,Rodentia,Muridae,
Zyzomys palatalis,"Carpentarian Rock-rat, Aywalirroomoo",Endangered,Endemic,,NT,Animalia,Chordata,Mammalia,Rodentia,Muridae,
Zyzomys pedunculatus,"Central Rock-rat, Antina",Critically Endangered,Present,,"NT, WA",Animalia,Chordata,Mammalia,Rodentia,Muridae,
